b1_org,b2_org,b3_org,b1_min,b2_min,b3_min,albedo,log10_alpha_org,n_org,log10_K_org,log10_alpha_min,n_min,log10_K_min,log10_S_max,error,error_heat,error_moist
2.0,2.6800000000000006,4.006666666666667,2.0,2.6800000000000006,0.02,0.13333333333333336,0.6666666666666666,3.166666666666667,-6.333333333333333,0.6666666666666666,1.6833333333333333,-3.0,-7.0,,,
2.0,2.6800000000000006,4.006666666666667,2.0,8.0,0.02,0.13333333333333336,0.6666666666666666,3.166666666666667,-6.333333333333333,0.6666666666666666,1.6833333333333333,-3.0,-7.0,,,
2.0,2.6800000000000006,4.006666666666667,2.0,8.0,0.02,0.13333333333333336,0.6666666666666666,3.166666666666667,-6.333333333333333,0.6666666666666666,1.6833333333333333,-6.333333333333333,-7.0,5.323846119875843,3.759989899946337,3.7690600234565927
2.0,2.6800000000000006,4.006666666666667,2.0,8.0,0.02,0.13333333333333336,0.6666666666666666,3.166666666666667,-3.0,0.6666666666666666,1.6833333333333333,-6.333333333333333,-7.0,4.849027005162823,3.6759343571283845,3.16236770456591
2.0,2.6800000000000006,4.006666666666667,0.68,8.0,0.02,0.13333333333333336,0.6666666666666666,3.166666666666667,-3.0,0.6666666666666666,1.6833333333333333,-6.333333333333333,-7.0,4.913705756298465,3.7574541830212986,3.166392635472805
2.0,2.6800000000000006,4.006666666666667,0.68,8.0,0.02,0.13333333333333336,0.6666666666666666,3.166666666666667,-3.0,0.0,1.6833333333333333,-6.333333333333333,-7.0,4.383010556930886,3.5685954939591964,2.5447804900740874
2.0,2.6800000000000006,4.006666666666667,0.68,8.0,0.02,0.13333333333333336,0.6666666666666666,5.0,-3.0,0.0,1.6833333333333333,-6.333333333333333,-7.0,4.001097166035414,3.406799917178167,2.09821182352294
0.68,2.6800000000000006,4.006666666666667,0.68,8.0,0.02,0.13333333333333336,0.6666666666666666,5.0,-3.0,0.0,1.6833333333333333,-6.333333333333333,-7.0,3.2444946729899033,2.480064631645126,2.091895099167926
0.68,8.0,4.006666666666667,0.68,8.0,0.02,0.13333333333333336,0.6666666666666666,5.0,-3.0,0.0,1.6833333333333333,-6.333333333333333,-7.0,3.2556694125668164,2.4945739630888384,2.0920047960275827
0.68,8.0,4.006666666666667,0.68,8.0,0.02,0.13333333333333336,0.6666666666666666,5.0,-3.0,0.0,1.6833333333333333,-6.333333333333333,-9.0,2.5272101456114893,1.9686970657729137,1.5846207695530072
0.68,8.0,0.02,0.68,8.0,0.02,0.13333333333333336,0.6666666666666666,5.0,-3.0,0.0,1.6833333333333333,-6.333333333333333,-9.0,2.4051585185797526,1.8097897523605335,1.5841239066902404
0.68,8.0,0.02,0.68,8.0,0.02,0.13333333333333336,0.0,5.0,-3.0,0.0,1.6833333333333333,-6.333333333333333,-9.0,2.6783987517924026,2.3941768665344636,1.2007235341052982
0.68,8.0,0.02,0.68,8.0,4.006666666666667,0.13333333333333336,0.0,5.0,-3.0,0.0,1.6833333333333333,-6.333333333333333,-9.0,2.635457624880562,2.344999561721509,1.202752654566609
0.68,8.0,0.02,0.68,8.0,4.006666666666667,0.13333333333333336,0.0,5.0,-3.0,0.0,1.05,-6.333333333333333,-9.0,,,
0.68,8.0,0.02,0.68,8.0,4.006666666666667,0.3,0.0,5.0,-3.0,0.0,1.05,-6.333333333333333,-9.0,,,
1.3399999999999999,0.02,6.0,2.0,2.6800000000000006,4.006666666666667,0.21666666666666667,1.0,3.166666666666667,-3.0,0.6666666666666666,1.6833333333333333,-6.333333333333333,-6.0,4.7992381934153,3.1506719607894156,3.6202145561598327
1.3399999999999999,0.02,6.0,2.0,2.6800000000000006,4.006666666666667,0.21666666666666667,1.0,3.166666666666667,-3.0,0.6666666666666666,1.6833333333333333,-3.0,-6.0,4.896757319635568,3.101171458407859,3.7895867628226942
1.3399999999999999,0.02,6.0,2.0,2.6800000000000006,4.006666666666667,0.21666666666666667,0.33333333333333337,3.166666666666667,-3.0,0.6666666666666666,1.6833333333333333,-3.0,-6.0,4.899613681474656,3.1056797852039053,3.78958669243355
1.3399999999999999,0.02,6.0,2.0,8.0,4.006666666666667,0.21666666666666667,0.33333333333333337,3.166666666666667,-3.0,0.6666666666666666,1.6833333333333333,-3.0,-6.0,4.8975128863444475,3.1023644318979446,3.7895867061731767
1.3399999999999999,0.02,6.0,0.68,8.0,4.006666666666667,0.21666666666666667,0.33333333333333337,3.166666666666667,-3.0,0.6666666666666666,1.6833333333333333,-3.0,-6.0,5.030973036800839,3.309031251518548,3.7895912541447863
1.3399999999999999,0.02,6.0,0.68,8.0,4.006666666666667,0.21666666666666667,0.33333333333333337,3.166666666666667,-3.0,0.0,1.6833333333333333,-3.0,-6.0,4.836664440752212,3.2182259277341254,3.6105878732550933
1.3399999999999999,0.02,6.0,0.68,8.0,4.006666666666667,0.05,0.33333333333333337,3.166666666666667,-3.0,0.0,1.6833333333333333,-3.0,-6.0,5.028713172463166,3.5002620000437883,3.610557034856812
1.3399999999999999,0.02,2.0133333333333336,0.68,8.0,4.006666666666667,0.05,0.33333333333333337,3.166666666666667,-3.0,0.0,1.6833333333333333,-3.0,-6.0,5.025896257369328,3.4962139029847266,3.6105569562624718
1.3399999999999999,0.02,2.0133333333333336,0.68,8.0,4.006666666666667,0.05,0.33333333333333337,3.166666666666667,-3.0,0.0,1.6833333333333333,-3.0,-8.0,,,
0.02,0.02,2.0133333333333336,0.68,8.0,4.006666666666667,0.05,0.33333333333333337,3.166666666666667,-3.0,0.0,1.6833333333333333,-3.0,-8.0,,,
0.02,0.02,2.0133333333333336,0.68,8.0,4.006666666666667,0.05,0.33333333333333337,5.0,-3.0,0.0,1.6833333333333333,-3.0,-8.0,,,
0.02,5.34,2.0133333333333336,0.68,8.0,4.006666666666667,0.05,0.33333333333333337,5.0,-3.0,0.0,1.6833333333333333,-3.0,-8.0,,,
0.02,5.34,2.0133333333333336,0.68,8.0,0.02,0.05,0.33333333333333337,5.0,-3.0,0.0,1.6833333333333333,-3.0,-8.0,,,
0.02,5.34,2.0133333333333336,0.68,8.0,0.02,0.05,0.33333333333333337,5.0,-3.0,0.0,1.05,-3.0,-8.0,,,
0.02,5.34,2.0133333333333336,0.68,8.0,0.02,0.05,0.33333333333333337,5.0,-6.333333333333333,0.0,1.05,-3.0,-8.0,,,
0.02,2.6800000000000006,6.0,0.02,8.0,2.0133333333333336,0.05,1.0,3.166666666666667,-6.333333333333333,1.0,2.0,-4.666666666666667,-6.0,,,
0.02,2.6800000000000006,6.0,0.02,8.0,2.0133333333333336,0.05,1.0,5.0,-6.333333333333333,1.0,2.0,-4.666666666666667,-6.0,,,
0.02,2.6800000000000006,6.0,0.02,8.0,2.0133333333333336,0.05,0.33333333333333337,5.0,-6.333333333333333,1.0,2.0,-4.666666666666667,-6.0,,,
0.02,2.6800000000000006,6.0,0.02,2.6800000000000006,2.0133333333333336,0.05,0.33333333333333337,5.0,-6.333333333333333,1.0,2.0,-4.666666666666667,-6.0,,,
0.02,2.6800000000000006,2.0133333333333336,0.02,2.6800000000000006,2.0133333333333336,0.05,0.33333333333333337,5.0,-6.333333333333333,1.0,2.0,-4.666666666666667,-6.0,,,
0.02,2.6800000000000006,2.0133333333333336,0.02,2.6800000000000006,2.0133333333333336,0.05,0.33333333333333337,5.0,-6.333333333333333,1.0,2.0,-8.0,-6.0,,,
0.02,2.6800000000000006,2.0133333333333336,0.02,2.6800000000000006,2.0133333333333336,0.05,0.33333333333333337,5.0,-6.333333333333333,0.33333333333333337,2.0,-8.0,-6.0,,,
0.02,2.6800000000000006,2.0133333333333336,0.02,2.6800000000000006,2.0133333333333336,0.05,0.33333333333333337,5.0,-3.0,0.33333333333333337,2.0,-8.0,-6.0,,,
0.02,2.6800000000000006,2.0133333333333336,0.02,2.6800000000000006,6.0,0.05,0.33333333333333337,5.0,-3.0,0.33333333333333337,2.0,-8.0,-6.0,,,
1.3399999999999999,2.6800000000000006,2.0133333333333336,0.02,2.6800000000000006,6.0,0.05,0.33333333333333337,5.0,-3.0,0.33333333333333337,2.0,-8.0,-6.0,,,
1.3399999999999999,2.6800000000000006,2.0133333333333336,1.3399999999999999,2.6800000000000006,6.0,0.05,0.33333333333333337,5.0,-3.0,0.33333333333333337,2.0,-8.0,-6.0,,,
1.3399999999999999,2.6800000000000006,2.0133333333333336,1.3399999999999999,2.6800000000000006,6.0,0.05,0.33333333333333337,5.0,-3.0,0.33333333333333337,2.0,-8.0,-8.0,4.5921064210009,3.4979774794826395,2.975163009791224
1.3399999999999999,2.6800000000000006,2.0133333333333336,1.3399999999999999,2.6800000000000006,6.0,0.21666666666666667,0.33333333333333337,5.0,-3.0,0.33333333333333337,2.0,-8.0,-8.0,4.710158379875897,3.6216379746132144,3.0115328894691875
1.3399999999999999,8.0,2.0133333333333336,1.3399999999999999,2.6800000000000006,6.0,0.21666666666666667,0.33333333333333337,5.0,-3.0,0.33333333333333337,2.0,-8.0,-8.0,4.778457822525699,3.7099987697133283,3.0115723950093956
1.3399999999999999,8.0,2.0133333333333336,1.3399999999999999,2.6800000000000006,6.0,0.21666666666666667,0.33333333333333337,5.0,-3.0,0.33333333333333337,1.3666666666666667,-8.0,-8.0,4.916501946235245,3.6991177721746484,3.2385983225643487
2.0,0.02,4.006666666666667,1.3399999999999999,0.02,4.006666666666667,0.05,0.33333333333333337,3.166666666666667,-6.333333333333333,0.0,2.0,-4.666666666666667,-6.0,,,
2.0,0.02,0.02,1.3399999999999999,0.02,4.006666666666667,0.05,0.33333333333333337,3.166666666666667,-6.333333333333333,0.0,2.0,-4.666666666666667,-6.0,,,
2.0,0.02,0.02,1.3399999999999999,0.02,4.006666666666667,0.21666666666666667,0.33333333333333337,3.166666666666667,-6.333333333333333,0.0,2.0,-4.666666666666667,-6.0,,,
2.0,0.02,0.02,1.3399999999999999,0.02,4.006666666666667,0.21666666666666667,0.33333333333333337,3.166666666666667,-6.333333333333333,0.0,2.0,-8.0,-6.0,,,
0.68,0.02,0.02,1.3399999999999999,0.02,4.006666666666667,0.21666666666666667,0.33333333333333337,3.166666666666667,-6.333333333333333,0.0,2.0,-8.0,-6.0,,,
0.68,0.02,0.02,1.3399999999999999,0.02,4.006666666666667,0.21666666666666667,1.0,3.166666666666667,-6.333333333333333,0.0,2.0,-8.0,-6.0,,,
0.68,0.02,0.02,1.3399999999999999,5.34,4.006666666666667,0.21666666666666667,1.0,3.166666666666667,-6.333333333333333,0.0,2.0,-8.0,-6.0,,,
0.68,0.02,0.02,1.3399999999999999,5.34,4.006666666666667,0.21666666666666667,1.0,5.0,-6.333333333333333,0.0,2.0,-8.0,-6.0,,,
0.68,0.02,0.02,1.3399999999999999,5.34,4.006666666666667,0.21666666666666667,1.0,5.0,-6.333333333333333,0.0,1.3666666666666667,-8.0,-6.0,,,
0.68,0.02,0.02,1.3399999999999999,5.34,4.006666666666667,0.21666666666666667,1.0,5.0,-6.333333333333333,0.6666666666666666,1.3666666666666667,-8.0,-6.0,,,
0.68,5.34,0.02,1.3399999999999999,5.34,4.006666666666667,0.21666666666666667,1.0,5.0,-6.333333333333333,0.6666666666666666,1.3666666666666667,-8.0,-6.0,,,
0.68,5.34,0.02,1.3399999999999999,5.34,4.006666666666667,0.21666666666666667,1.0,5.0,-6.333333333333333,0.6666666666666666,1.3666666666666667,-8.0,-8.0,4.845133554025409,3.0132335159682797,3.7941722331212553
0.68,5.34,0.02,1.3399999999999999,5.34,4.006666666666667,0.21666666666666667,1.0,5.0,-3.0,0.6666666666666666,1.3666666666666667,-8.0,-8.0,4.810289104796798,2.985015724549257,3.77207666888154
0.68,5.34,0.02,0.02,5.34,4.006666666666667,0.21666666666666667,1.0,5.0,-3.0,0.6666666666666666,1.3666666666666667,-8.0,-8.0,4.758536097066754,2.9192881109001054,3.757848149226441
0.68,5.34,0.02,0.02,5.34,0.02,0.21666666666666667,1.0,5.0,-3.0,0.6666666666666666,1.3666666666666667,-8.0,-8.0,4.6098835452667535,2.687068329657087,3.74575627779959
2.0,5.34,6.0,2.0,0.02,6.0,0.05,0.6666666666666666,2.25,-4.666666666666667,1.0,1.05,-8.0,-6.0,,,
2.0,5.34,6.0,2.0,0.02,2.0133333333333336,0.05,0.6666666666666666,2.25,-4.666666666666667,1.0,1.05,-8.0,-6.0,,,
2.0,5.34,6.0,2.0,0.02,2.0133333333333336,0.05,0.6666666666666666,2.25,-4.666666666666667,1.0,1.05,-4.666666666666667,-6.0,,,
2.0,5.34,6.0,2.0,0.02,2.0133333333333336,0.05,0.6666666666666666,4.083333333333333,-4.666666666666667,1.0,1.05,-4.666666666666667,-6.0,,,
2.0,0.02,6.0,2.0,0.02,2.0133333333333336,0.05,0.6666666666666666,4.083333333333333,-4.666666666666667,1.0,1.05,-4.666666666666667,-6.0,,,
2.0,0.02,6.0,2.0,0.02,2.0133333333333336,0.05,0.6666666666666666,4.083333333333333,-8.0,1.0,1.05,-4.666666666666667,-6.0,,,
2.0,0.02,6.0,0.68,0.02,2.0133333333333336,0.05,0.6666666666666666,4.083333333333333,-8.0,1.0,1.05,-4.666666666666667,-6.0,,,
2.0,0.02,6.0,0.68,0.02,2.0133333333333336,0.05,0.6666666666666666,4.083333333333333,-8.0,0.33333333333333337,1.05,-4.666666666666667,-6.0,,,
2.0,0.02,2.0133333333333336,0.68,0.02,2.0133333333333336,0.05,0.6666666666666666,4.083333333333333,-8.0,0.33333333333333337,1.05,-4.666666666666667,-6.0,,,
2.0,0.02,2.0133333333333336,0.68,0.02,2.0133333333333336,0.21666666666666667,0.6666666666666666,4.083333333333333,-8.0,0.33333333333333337,1.05,-4.666666666666667,-6.0,,,
2.0,0.02,2.0133333333333336,0.68,5.34,2.0133333333333336,0.21666666666666667,0.6666666666666666,4.083333333333333,-8.0,0.33333333333333337,1.05,-4.666666666666667,-6.0,,,
2.0,0.02,2.0133333333333336,0.68,5.34,2.0133333333333336,0.21666666666666667,0.6666666666666666,4.083333333333333,-8.0,0.33333333333333337,1.05,-4.666666666666667,-8.0,,,
2.0,0.02,2.0133333333333336,0.68,5.34,2.0133333333333336,0.21666666666666667,0.6666666666666666,4.083333333333333,-8.0,0.33333333333333337,1.6833333333333333,-4.666666666666667,-8.0,4.89468930830352,3.495518596859207,3.4262710289514806
2.0,0.02,2.0133333333333336,0.68,5.34,2.0133333333333336,0.21666666666666667,0.0,4.083333333333333,-8.0,0.33333333333333337,1.6833333333333333,-4.666666666666667,-8.0,4.868623166683046,3.4608125126549973,3.424363925083527
0.68,0.02,2.0133333333333336,0.68,5.34,2.0133333333333336,0.21666666666666667,0.0,4.083333333333333,-8.0,0.33333333333333337,1.6833333333333333,-4.666666666666667,-8.0,4.64360088296881,3.1363631379924386,3.424362046710444
