time,Beech,Spruce,Spruce_root,Beech_root
2024-09-13 03:00:00,25.01707439309684,6.165344487061183,8.008773244000007e-07,2.6589798981689293e-06
2024-09-13 03:10:00,25.02542637007353,6.164423165992733,8.008773244000007e-07,2.6591189826688923e-06
2024-09-13 03:20:00,25.033764057124916,6.163499476673409,8.008773244000007e-07,2.659257829112989e-06
2024-09-13 03:30:00,25.042087456467197,6.1625736979739765,8.008773244000007e-07,2.6593964430103666e-06
2024-09-13 03:40:00,25.050397789598712,6.161647316369809,8.008773244000007e-07,2.659536441087429e-06
2024-09-13 03:50:00,25.058695127506624,6.160721460122433,8.008773244000007e-07,2.6596738860519545e-06
2024-09-13 04:00:00,25.066979093509797,6.159795631403935,8.008773244000007e-07,2.65981086710663e-06
2024-09-13 04:10:00,25.075249139907477,6.158869579180326,8.008773244000007e-07,2.6599469606399773e-06
2024-09-13 04:20:00,25.08350540958066,6.157943420296174,8.008773244000007e-07,2.6600832752121718e-06
2024-09-13 04:30:00,25.091748068930613,6.157017282209348,8.008773244000007e-07,2.6602195161725423e-06
2024-09-13 04:40:00,25.099975858440544,6.156089613182637,8.008773244000007e-07,2.660353718887246e-06
2024-09-13 04:50:00,25.108185503650855,6.155157955566054,8.008773244000007e-07,2.6604834871815015e-06
2024-09-13 05:00:00,25.11636538589688,6.154217471422224,8.008773244000007e-07,2.6605961544209743e-06
2024-09-13 05:10:00,25.124513988813465,6.153265172617357,8.008773244000007e-07,2.6607129348821576e-06
2024-09-13 05:20:00,25.13335392929747,6.152473445240677,8.008773244000007e-07,2.662070830709096e-06
2024-09-13 05:30:00,25.143401411241403,6.152130892811426,8.008773244000007e-07,2.663423138200292e-06
2024-09-13 05:40:00,25.29696136474376,6.153269151391894,8.008773244000007e-07,2.6646239826579594e-06
2024-09-13 05:50:00,25.389349197310306,6.156112664697104,8.008773244000007e-07,2.6650670625094427e-06
2024-09-13 06:00:00,25.411346201118636,6.1579956803265805,8.008773244000007e-07,2.665462422748308e-06
2024-09-13 06:10:00,25.442387889929236,6.159189719875791,8.008773244000007e-07,2.6658112772064877e-06
2024-09-13 06:20:00,25.465950036486685,6.159922062635867,8.008773244000007e-07,2.66616114011678e-06
2024-09-13 06:30:00,25.47705914374021,6.159697404187504,8.008773244000007e-07,2.6665120808131254e-06
2024-09-13 06:40:00,25.48854706416836,6.160489683707483,8.008773244000007e-07,2.666857843065183e-06
2024-09-13 06:50:00,25.50323053654468,6.162202856635423,8.008773244000007e-07,2.6671977662771833e-06
2024-09-13 07:00:00,25.51999484821074,6.164534345924392,8.008773244000007e-07,2.667534373639463e-06
2024-09-13 07:10:00,25.538444380573488,6.167224085402943,8.008773244000007e-07,2.6678669921412622e-06
2024-09-13 07:20:00,25.554538673144286,6.1682315060247195,8.008773244000007e-07,2.668194591283252e-06
2024-09-13 07:30:00,25.569177404370272,6.168253283478386,8.008773244000007e-07,2.6685152542820103e-06
2024-09-13 07:40:00,25.582760433158796,6.1678827188730105,8.008773244000007e-07,2.6688301895716756e-06
2024-09-13 07:50:00,25.596437582032987,6.167741781913613,8.008773244000007e-07,2.6691394113724577e-06
2024-09-13 08:00:00,25.609168844213887,6.1671779919421965,8.008773244000007e-07,2.6694426467991588e-06
2024-09-13 08:10:00,25.62197274435879,6.166989105086581,8.008773244000007e-07,2.669739667785258e-06
2024-09-13 08:20:00,25.634842088243765,6.1670687291451225,8.008773244000007e-07,2.6700302814680013e-06
2024-09-13 08:30:00,25.64792981396066,6.167140057613397,8.008773244000007e-07,2.670314014880424e-06
2024-09-13 08:40:00,25.659777586161407,6.166275720091731,8.008773244000007e-07,2.670589121721117e-06
2024-09-13 08:50:00,25.671124800203053,6.165220864865567,8.008773244000007e-07,2.670857414964403e-06
2024-09-13 09:00:00,25.681934648279782,6.163854420565203,8.008773244000007e-07,2.671114030578207e-06
2024-09-13 09:10:00,25.69285792564765,6.163233330943613,8.008773244000007e-07,2.671362737474592e-06
2024-09-13 09:20:00,25.705067922564,6.163666287425749,8.008773244000007e-07,2.6716047110204556e-06
2024-09-13 09:30:00,25.717261506619217,6.163385523832376,8.008773244000007e-07,2.671833764765998e-06
2024-09-13 09:40:00,25.72874312189107,6.162451197596348,8.008773244000007e-07,2.672058124490078e-06
2024-09-13 09:50:00,25.73992971295391,6.161510758491478,8.008773244000007e-07,2.6722735758064903e-06
2024-09-13 10:00:00,25.75061725183969,6.160215701835531,8.008773244000007e-07,2.672482843273838e-06
2024-09-13 10:10:00,25.760942398435045,6.159688068799696,8.008773244000007e-07,2.6726823215923144e-06
2024-09-13 10:20:00,25.77173985123947,6.159959867492751,8.008773244000007e-07,2.6728736681505246e-06
2024-09-13 10:30:00,25.781710287915903,6.15921873784512,8.008773244000007e-07,2.673059582312696e-06
2024-09-13 10:40:00,25.79096240877273,6.158390260326668,8.008773244000007e-07,2.673234553660117e-06
2024-09-13 10:50:00,25.79984356383171,6.158042681688155,8.008773244000007e-07,2.673403662327817e-06
2024-09-13 11:00:00,25.808113494338432,6.157260915565729,8.008773244000007e-07,2.6735636161976046e-06
2024-09-13 11:10:00,25.816414046134547,6.156775060396595,8.008773244000007e-07,2.6737169695743916e-06
2024-09-13 11:20:00,25.82608539981491,6.157497535140893,8.008773244000007e-07,2.6738608801960325e-06
2024-09-13 11:30:00,25.83696131246978,6.158363945397685,8.008773244000007e-07,2.673998067463443e-06
2024-09-13 11:40:00,25.848772477325394,6.159472170087941,8.008773244000007e-07,2.674126603204469e-06
2024-09-13 11:50:00,25.862307484621823,6.161656879207389,8.008773244000007e-07,2.6742464703265837e-06
2024-09-13 12:00:00,25.878439565769142,6.164884803618582,8.008773244000007e-07,2.6743598303363987e-06
2024-09-13 12:10:00,25.896618383114387,6.168459982901612,8.008773244000007e-07,2.674461763980091e-06
2024-09-13 12:20:00,25.918081641415533,6.173844222404176,8.008773244000007e-07,2.674556118099625e-06
2024-09-13 12:30:00,25.94215101986053,6.1849336768692424,8.008773244000007e-07,2.6746422350841394e-06
2024-09-13 12:40:00,25.968176191827858,6.204572154094719,8.008773244000007e-07,2.67471656130063e-06
2024-09-13 12:50:00,25.995893754552096,6.226657255905652,8.008773244000007e-07,2.6747783927110687e-06
2024-09-13 13:00:00,26.02333534657754,6.248709131627487,8.008773244000007e-07,2.674827177925792e-06
2024-09-13 13:10:00,26.052509627384143,6.266798895082174,8.008773244000007e-07,2.6748589652275144e-06
2024-09-13 13:20:00,26.081380093838874,6.2833417205032855,8.008773244000007e-07,2.6748628999999963e-06
2024-09-13 13:30:00,26.104780498904667,6.295680673113779,8.008773244000007e-07,2.6748628999999963e-06
2024-09-13 13:40:00,26.12223275081209,6.3037416229919705,8.008773244000007e-07,2.6748628999999963e-06
2024-09-13 13:50:00,26.137765111933785,6.315494684318137,8.008773244000007e-07,2.6748628999999963e-06
2024-09-13 14:00:00,26.153012769181792,6.32474507045091,8.008773244000007e-07,2.6748628999999963e-06
2024-09-13 14:10:00,26.16852767255328,6.331817552238854,8.008773244000007e-07,2.6748628999999963e-06
2024-09-13 14:20:00,26.185695072486574,6.343234465061295,8.008773244000007e-07,2.6748628999999963e-06
2024-09-13 14:30:00,26.20313544093416,6.352462978654295,8.008773244000007e-07,2.6748628999999963e-06
2024-09-13 14:40:00,26.219888067754137,6.359674026337012,8.008773244000007e-07,2.6748628999999963e-06
2024-09-13 14:50:00,26.237625882970274,6.3702536893306485,8.008773244000007e-07,2.6748628999999963e-06
2024-09-13 15:00:00,26.255110434384964,6.378398861337422,8.008773244000007e-07,2.6748628999999963e-06
2024-09-13 15:10:00,26.27264771097936,6.387777322079475,8.008773244000007e-07,2.6748628999999963e-06
2024-09-13 15:20:00,26.291605626815265,6.40139272423741,8.008773244000007e-07,2.6748628999999963e-06
2024-09-13 15:30:00,26.31197289978806,6.416126806162198,8.008773244000007e-07,2.6748628999999963e-06
2024-09-13 15:40:00,26.333569187049164,6.432222079038448,8.008773244000007e-07,2.6748628999999963e-06
2024-09-13 15:50:00,26.35784377960427,6.454542287668951,8.008773244000007e-07,2.6748628999999963e-06
2024-09-13 16:00:00,26.385462687077336,6.480044840666318,8.008773244000007e-07,2.6748628999999963e-06
2024-09-13 16:10:00,26.414728972495997,6.505421319905056,8.008773244000007e-07,2.6748628999999963e-06
2024-09-13 16:20:00,26.443723861530124,6.530943507778528,8.008773244000007e-07,2.6748628999999963e-06
2024-09-13 16:30:00,26.47250779228852,6.558720528994094,8.008773244000007e-07,2.6748628999999963e-06
2024-09-13 16:40:00,26.50303398932472,6.5905835707057925,8.008773244000007e-07,2.6748628999999963e-06
2024-09-13 16:50:00,26.53525244741129,6.626214943958128,8.008773244000007e-07,2.6748628999999963e-06
2024-09-13 17:00:00,26.56985306445935,6.668562941175839,8.008773244000007e-07,2.6748628999999963e-06
2024-09-13 17:10:00,26.611548698894126,6.715038068918647,8.008773244000007e-07,2.6748628999999963e-06
2024-09-13 17:20:00,26.655737227901273,6.759024156582731,8.008773244000007e-07,2.6748628999999963e-06
2024-09-13 17:30:00,26.705380783238983,6.800573092236306,8.008773244000007e-07,2.6748628999999963e-06
2024-09-13 17:40:00,26.753555529913395,6.841248446982849,8.008773244000007e-07,2.6748628999999963e-06
2024-09-13 17:50:00,26.79572944777928,6.881338121894978,8.008773244000007e-07,2.6748628999999963e-06
2024-09-13 18:00:00,26.82860396470173,6.919525121913174,8.008773244000007e-07,2.6748628999999963e-06
2024-09-13 18:10:00,26.86358026421476,6.951070759958165,8.008773244000007e-07,2.6748628999999963e-06
2024-09-13 18:20:00,26.890982853355077,6.973913660881647,8.008773244000007e-07,2.6748628999999963e-06
2024-09-13 18:30:00,26.919951648280765,6.992407402849282,8.008773244000007e-07,2.6748628999999963e-06
2024-09-13 18:40:00,26.95212701927052,7.0145956566869625,8.008773244000007e-07,2.6748628999999963e-06
2024-09-13 18:50:00,26.99067762619675,7.045718065620571,8.008773244000007e-07,2.6748628999999963e-06
2024-09-13 19:00:00,27.031571516489564,7.075647778462657,8.008773244000007e-07,2.6748628999999963e-06
2024-09-13 19:10:00,27.0660848351785,7.102016124114039,8.008773244000007e-07,2.6748628999999963e-06
2024-09-13 19:20:00,27.100505748558902,7.1294936972853415,8.008773244000007e-07,2.6748628999999963e-06
2024-09-13 19:30:00,27.133754483341733,7.154606716532278,8.008773244000007e-07,2.6748628999999963e-06
2024-09-13 19:40:00,27.163603351389973,7.178041008376449,8.008773244000007e-07,2.6748628999999963e-06
2024-09-13 19:50:00,27.19331738667935,7.203462690765591,8.008773244000007e-07,2.6748628999999963e-06
2024-09-13 20:00:00,27.225505093931652,7.232077002201483,8.008773244000007e-07,2.6748628999999963e-06
2024-09-13 20:10:00,27.259064822505813,7.257747014023109,8.008773244000007e-07,2.6748628999999963e-06
2024-09-13 20:20:00,27.288416599354267,7.2854136367560365,8.008773244000007e-07,2.6748628999999963e-06
2024-09-13 20:30:00,27.318124957234478,7.307996312279587,8.008773244000007e-07,2.6748628999999963e-06
2024-09-13 20:40:00,27.34694722363182,7.338103414055897,8.008773244000007e-07,2.6748628999999963e-06
2024-09-13 20:50:00,27.38940447385263,7.382501382666228,8.008773244000007e-07,2.6748628999999963e-06
2024-09-13 21:00:00,27.441988570071764,7.433009136242353,8.008773244000007e-07,2.6748628999999963e-06
2024-09-13 21:10:00,27.493365246631473,7.494448385894506,8.008773244000007e-07,2.6748628999999963e-06
2024-09-13 21:20:00,27.56385186536745,7.576717579535883,8.008773244000007e-07,2.6748628999999963e-06
2024-09-13 21:30:00,27.666281352971414,7.678710769019625,8.008773244000007e-07,2.6748628999999963e-06
2024-09-13 21:40:00,27.8018386703278,7.782331022416089,8.008773244000007e-07,2.6748628999999963e-06
2024-09-13 21:50:00,27.855087247325535,7.867590360241176,8.008773244000007e-07,2.6748628999999963e-06
2024-09-13 22:00:00,27.89847259982443,7.936765568880275,8.008773244000007e-07,2.6748628999999963e-06
2024-09-13 22:10:00,27.95303684093049,7.995117621189236,8.008773244000007e-07,2.6748628999999963e-06
2024-09-13 22:20:00,28.022104058303768,8.055892844545205,8.008773244000007e-07,2.6748628999999963e-06
2024-09-13 22:30:00,28.080458826618266,8.132836547472232,8.008773244000007e-07,2.6748628999999963e-06
2024-09-13 22:40:00,28.14382375259249,8.197559079961128,8.008773244000007e-07,2.6748628999999963e-06
2024-09-13 22:50:00,28.209184562734407,8.254121501363587,8.008773244000007e-07,2.6748628999999963e-06
2024-09-13 23:00:00,28.28555704237611,8.307544441266057,8.008773244000007e-07,2.6748628999999963e-06
2024-09-13 23:10:00,28.329275131900182,8.37021066989962,8.008773244000007e-07,2.6748628999999963e-06
2024-09-13 23:20:00,28.417632533070396,8.45165824296985,8.008773244000007e-07,2.6748628999999963e-06
2024-09-13 23:30:00,28.540138355086068,8.525153294611064,8.008773244000007e-07,2.6748628999999963e-06
2024-09-13 23:40:00,28.588052796405346,8.583997863258078,8.008773244000007e-07,2.6748628999999963e-06
2024-09-13 23:50:00,28.626676229460966,8.641137779654493,8.008773244000007e-07,2.6748628999999963e-06
2024-09-14 00:00:00,28.660925894446365,8.690838908418622,8.008773244000007e-07,2.6748628999999963e-06
2024-09-14 00:10:00,28.703569724665147,8.7419887920523,8.008773244000007e-07,2.6748628999999963e-06
2024-09-14 00:20:00,28.757184990952446,8.79324791898405,8.008773244000007e-07,2.6748628999999963e-06
2024-09-14 00:30:00,28.8063655982999,8.838107079999626,8.008773244000007e-07,2.6748628999999963e-06
2024-09-14 00:40:00,28.859044001109776,8.889147454599188,8.008773244000007e-07,2.6748628999999963e-06
2024-09-14 00:50:00,28.940849176763344,8.950604338686839,8.008773244000007e-07,2.6748628999999963e-06
2024-09-14 01:00:00,29.053239833559953,9.015335110085784,8.008773244000007e-07,2.6748628999999963e-06
2024-09-14 01:10:00,29.103733517489133,9.080228120888496,8.008773244000007e-07,2.6748628999999963e-06
2024-09-14 01:20:00,29.14159518722689,9.132344409790042,8.008773244000007e-07,2.6748628999999963e-06
2024-09-14 01:30:00,29.174129186009193,9.174712825980547,8.008773244000007e-07,2.6748628999999963e-06
2024-09-14 01:40:00,29.21034320065804,9.214626737361513,8.008773244000007e-07,2.6748628999999963e-06
2024-09-14 01:50:00,29.253871738989048,9.254760562959945,8.008773244000007e-07,2.6748628999999963e-06
2024-09-14 02:00:00,29.29702312281119,9.294194173991155,8.008773244000007e-07,2.6748628999999963e-06
2024-09-14 02:10:00,29.340653067870537,9.33173263287105,8.008773244000007e-07,2.6748628999999963e-06
2024-09-14 02:20:00,29.380109637078803,9.366720432886078,8.008773244000007e-07,2.6748628999999963e-06
2024-09-14 02:30:00,29.419235292603016,9.397744764989865,8.008773244000007e-07,2.6748628999999963e-06
2024-09-14 02:40:00,29.45182058633768,9.419669016771172,8.008773244000007e-07,2.6748628999999963e-06
2024-09-14 02:50:00,29.47887896460322,9.439122026983704,8.008773244000007e-07,2.6748628999999963e-06
2024-09-14 03:00:00,29.50524424603218,9.458221267877665,8.008773244000007e-07,2.6748628999999963e-06
2024-09-14 03:10:00,29.531888798712924,9.479003860080127,8.008773244000007e-07,2.6748628999999963e-06
2024-09-14 03:20:00,29.559149928027523,9.499840883376908,8.008773244000007e-07,2.6748628999999963e-06
2024-09-14 03:30:00,29.586311473268715,9.521135394858733,8.008773244000007e-07,2.6748628999999963e-06
2024-09-14 03:40:00,29.61318103918966,9.541004725745834,8.008773244000007e-07,2.6748628999999963e-06
2024-09-14 03:50:00,29.638748235785798,9.559984199881084,8.008773244000007e-07,2.6748628999999963e-06
2024-09-14 04:00:00,29.663843589696118,9.57885880865247,8.008773244000007e-07,2.6748628999999963e-06
2024-09-14 04:10:00,29.687771972801304,9.594464069009549,8.008773244000007e-07,2.6748628999999963e-06
2024-09-14 04:20:00,29.70911115283416,9.60620920140903,8.008773244000007e-07,2.6748628999999963e-06
2024-09-14 04:30:00,29.731061192424118,9.626045340529373,8.008773244000007e-07,2.6748628999999963e-06
2024-09-14 04:40:00,29.75812561897405,9.65257993303082,8.008773244000007e-07,2.6748628999999963e-06
2024-09-14 04:50:00,29.790748332531397,9.685074741941857,8.008773244000007e-07,2.6748628999999963e-06
2024-09-14 05:00:00,29.83286385390254,9.734811697769127,8.008773244000007e-07,2.6748628999999963e-06
2024-09-14 05:10:00,29.8901419349212,9.791532551277422,8.008773244000007e-07,2.6748628999999963e-06
2024-09-14 05:20:00,29.93897548875541,9.832319448013115,8.008773244000007e-07,2.6748628999999963e-06
2024-09-14 05:30:00,29.97726467076596,9.878100956041743,8.008773244000007e-07,2.6748628999999963e-06
2024-09-14 05:40:00,30.029926059576166,9.930691632755817,8.008773244000007e-07,2.6748628999999963e-06
2024-09-14 05:50:00,30.08350368007831,9.976896481910538,8.008773244000007e-07,2.6748628999999963e-06
2024-09-14 06:00:00,30.119763986072066,10.010270963144473,8.008773244000007e-07,2.6748628999999963e-06
2024-09-14 06:10:00,30.153943862239505,10.03418896296984,8.008773244000007e-07,2.6748628999999963e-06
2024-09-14 06:20:00,30.184400117202845,10.0670624007052,8.008773244000007e-07,2.6748628999999963e-06
2024-09-14 06:30:00,30.218039304175665,10.095200424599446,8.008773244000007e-07,2.6748628999999963e-06
2024-09-14 06:40:00,30.24766597726833,10.11388249873355,8.008773244000007e-07,2.6748628999999963e-06
2024-09-14 06:50:00,30.273030293476765,10.138019249171295,8.008773244000007e-07,2.6748628999999963e-06
2024-09-14 07:00:00,30.30709643860891,10.176606822485502,8.008773244000007e-07,2.6748628999999963e-06
2024-09-14 07:10:00,30.350685299979048,10.218519397202753,8.008773244000007e-07,2.6748628999999963e-06
2024-09-14 07:20:00,30.389938906557223,10.256003319791184,8.008773244000007e-07,2.6748628999999963e-06
2024-09-14 07:30:00,30.434520766038236,10.304055391479556,8.008773244000007e-07,2.6748628999999963e-06
2024-09-14 07:40:00,30.48648010739038,10.352493010880965,8.008773244000007e-07,2.6748628999999963e-06
2024-09-14 07:50:00,30.52224358237581,10.381583167264363,8.008773244000007e-07,2.6748628999999963e-06
2024-09-14 08:00:00,30.555247327072475,10.405900477507291,8.008773244000007e-07,2.6748628999999963e-06
2024-09-14 08:10:00,30.590975681435385,10.453254512173498,8.008773244000007e-07,2.6748628999999963e-06
2024-09-14 08:20:00,30.656127127804638,10.51872604121854,8.008773244000007e-07,2.6748628999999963e-06
2024-09-14 08:30:00,30.73314293627323,10.576347318779034,8.008773244000007e-07,2.6748628999999963e-06
2024-09-14 08:40:00,30.766343508004187,10.609709017457151,8.008773244000007e-07,2.6748628999999963e-06
2024-09-14 08:50:00,30.79014714715341,10.63140249456783,8.008773244000007e-07,2.6748628999999963e-06
2024-09-14 09:00:00,30.811061362366626,10.64678807548141,8.008773244000007e-07,2.6748628999999963e-06
2024-09-14 09:10:00,30.829167730925008,10.655839145095038,8.008773244000007e-07,2.6748628999999963e-06
2024-09-14 09:20:00,30.843002166795806,10.658593289879615,8.008773244000007e-07,2.6748628999999963e-06
2024-09-14 09:30:00,30.85382369524741,10.659893729739233,8.008773244000007e-07,2.6748628999999963e-06
2024-09-14 09:40:00,30.8627650551478,10.660461809990121,8.008773244000007e-07,2.6748628999999963e-06
2024-09-14 09:50:00,30.87059609804983,10.660615221221946,8.008773244000007e-07,2.6748628999999963e-06
2024-09-14 10:00:00,30.8776572406364,10.66034805758349,8.008773244000007e-07,2.6748628999999963e-06
2024-09-14 10:10:00,30.884131131563482,10.659794539789472,8.008773244000007e-07,2.6748628999999963e-06
2024-09-14 10:20:00,30.890131521427048,10.659113972536113,8.008773244000007e-07,2.6748628999999963e-06
2024-09-14 10:30:00,30.895731748080753,10.658324009141408,8.008773244000007e-07,2.6748628999999963e-06
2024-09-14 10:40:00,30.900970002193166,10.657437846492222,8.008773244000007e-07,2.6748628999999963e-06
2024-09-14 10:50:00,30.905889467520545,10.656470342847332,8.008773244000007e-07,2.6748628999999963e-06
2024-09-14 11:00:00,30.91052994497219,10.655437577863628,8.008773244000007e-07,2.6748628999999963e-06
2024-09-14 11:10:00,30.914914232385858,10.654348326010636,8.008773244000007e-07,2.6748628999999963e-06
2024-09-14 11:20:00,30.919437319515456,10.653454146763297,8.008773244000007e-07,2.6748628999999963e-06
2024-09-14 11:30:00,30.924570582316434,10.652647893611531,8.008773244000007e-07,2.6748628999999963e-06
2024-09-14 11:40:00,30.92931381751771,10.651514670620987,8.008773244000007e-07,2.6748628999999963e-06
2024-09-14 11:50:00,30.93404444681534,10.650333094850664,8.008773244000007e-07,2.6748628999999963e-06
2024-09-14 12:00:00,30.938943862339766,10.649127150657296,8.008773244000007e-07,2.6748628999999963e-06
2024-09-14 12:10:00,30.94382115960705,10.647908216547421,8.008773244000007e-07,2.6748628999999963e-06
2024-09-14 12:20:00,30.948039375615686,10.646681782337527,8.008773244000007e-07,2.6748628999999963e-06
2024-09-14 12:30:00,30.950913748625208,10.645449984999974,8.008773244000007e-07,2.6748628999999963e-06
2024-09-14 12:40:00,30.95293365500987,10.644216679253903,8.008773244000007e-07,2.6748628999999963e-06
2024-09-14 12:50:00,30.954392505647874,10.642984109108797,8.008773244000007e-07,2.6748628999999963e-06
2024-09-14 13:00:00,30.955428140281516,10.64175278462099,8.008773244000007e-07,2.6748628999999963e-06
2024-09-14 13:10:00,30.955922751146044,10.64052257479775,8.008773244000007e-07,2.6748628999999963e-06
2024-09-14 13:20:00,30.95608988970275,10.639411317114321,8.008773244000007e-07,2.6748628999999963e-06
2024-09-14 13:30:00,30.95628385854648,10.638385303638119,8.008773244000007e-07,2.6748628999999963e-06
2024-09-14 13:40:00,30.955679511815976,10.637198892326987,8.008773244000007e-07,2.6748628999999963e-06
2024-09-14 13:50:00,30.954369144925465,10.635983255094633,8.008773244000007e-07,2.6748628999999963e-06
2024-09-14 14:00:00,30.952763847430596,10.634759982319883,8.008773244000007e-07,2.6748628999999963e-06
2024-09-14 14:10:00,30.951172683192492,10.633543201445496,8.008773244000007e-07,2.6748628999999963e-06
2024-09-14 14:20:00,30.949699830369756,10.632334571674175,8.008773244000007e-07,2.6748628999999963e-06
2024-09-14 14:30:00,30.948559721064246,10.631125777584746,8.008773244000007e-07,2.6748628999999963e-06
2024-09-14 14:40:00,30.94756962806641,10.629920285211035,8.008773244000007e-07,2.6748628999999963e-06
2024-09-14 14:50:00,30.946579876186792,10.628719338650054,8.008773244000007e-07,2.6748628999999963e-06
2024-09-14 15:00:00,30.94554614859852,10.627518661756978,8.008773244000007e-07,2.6748628999999963e-06
2024-09-14 15:10:00,30.944441833064612,10.626323352313477,8.008773244000007e-07,2.6748628999999963e-06
2024-09-14 15:20:00,30.943313855896825,10.625133315234669,8.008773244000007e-07,2.6748628999999963e-06
2024-09-14 15:30:00,30.94223031393395,10.623951281085098,8.008773244000007e-07,2.6748628999999963e-06
2024-09-14 15:40:00,30.94110097647639,10.622779036711831,8.008773244000007e-07,2.6748628999999963e-06
2024-09-14 15:50:00,30.939823072720408,10.62161591842261,8.008773244000007e-07,2.6748628999999963e-06
2024-09-14 16:00:00,30.938326480700745,10.620459823051245,8.008773244000007e-07,2.6748628999999963e-06
2024-09-14 16:10:00,30.936490146207017,10.619309934416792,8.008773244000007e-07,2.6748628999999963e-06
2024-09-14 16:20:00,30.93415618041916,10.618165860492464,8.008773244000007e-07,2.6748628999999963e-06
2024-09-14 16:30:00,30.931491398649953,10.61702617764921,8.008773244000007e-07,2.6748628999999963e-06
2024-09-14 16:40:00,30.92854293242472,10.615889055441341,8.008773244000007e-07,2.6748628999999963e-06
2024-09-14 16:50:00,30.925324851583344,10.614753154015514,8.008773244000007e-07,2.6748628999999963e-06
2024-09-14 17:00:00,30.92173080602019,10.613617842285715,8.008773244000007e-07,2.6748628999999963e-06
2024-09-14 17:10:00,30.917747550491477,10.612484172368646,8.008773244000007e-07,2.6748628999999963e-06
2024-09-14 17:20:00,30.913630509438267,10.611349753811712,8.008773244000007e-07,2.6748628999999963e-06
2024-09-14 17:30:00,30.90953159190266,10.610211679908597,8.008773244000007e-07,2.6748628999999963e-06
2024-09-14 17:40:00,30.905459631033185,10.60906926172669,8.008773244000007e-07,2.6748628999999963e-06
2024-09-14 17:50:00,30.90155079306435,10.607921976752708,8.008773244000007e-07,2.6748628999999963e-06
2024-09-14 18:00:00,30.897713720510712,10.606770169882665,8.008773244000007e-07,2.6748628999999963e-06
2024-09-14 18:10:00,30.893880983214856,10.605615918277776,8.008773244000007e-07,2.6748628999999963e-06
2024-09-14 18:20:00,30.890037034547145,10.60446032179037,8.008773244000007e-07,2.6748628999999963e-06
2024-09-14 18:30:00,30.886238710223136,10.603302859007,8.008773244000007e-07,2.6748628999999963e-06
2024-09-14 18:40:00,30.882515032368325,10.602141205356881,8.008773244000007e-07,2.6748628999999963e-06
2024-09-14 18:50:00,30.87872075115669,10.600974401402924,8.008773244000007e-07,2.6748628999999963e-06
2024-09-14 19:00:00,30.874762197278862,10.599803440571861,8.008773244000007e-07,2.6748628999999963e-06
2024-09-14 19:10:00,30.87060686750833,10.598629783504496,8.008773244000007e-07,2.6748628999999963e-06
2024-09-14 19:20:00,30.86612651673179,10.597454306480996,8.008773244000007e-07,2.6748628999999963e-06
2024-09-14 19:30:00,30.861412254587453,10.596277088594203,8.008773244000007e-07,2.6748628999999963e-06
2024-09-14 19:40:00,30.856508180588197,10.595097104234119,8.008773244000007e-07,2.6748628999999963e-06
2024-09-14 19:50:00,30.851405080179898,10.593914095447472,8.008773244000007e-07,2.6748628999999963e-06
2024-09-14 20:00:00,30.84600280675482,10.592728854667854,8.008773244000007e-07,2.6748628999999963e-06
2024-09-14 20:10:00,30.840423310337336,10.591544087420205,8.008773244000007e-07,2.6748628999999963e-06
2024-09-14 20:20:00,30.834823437895373,10.590361439816856,8.008773244000007e-07,2.6748628999999963e-06
2024-09-14 20:30:00,30.829236180167598,10.58918065598644,8.008773244000007e-07,2.6748628999999963e-06
2024-09-14 20:40:00,30.823763298094338,10.588001686931893,8.008773244000007e-07,2.6748628999999963e-06
2024-09-14 20:50:00,30.8183536204171,10.58682461713207,8.008773244000007e-07,2.6748628999999963e-06
2024-09-14 21:00:00,30.81296371023846,10.58564967177051,8.008773244000007e-07,2.6748628999999963e-06
2024-09-14 21:10:00,30.807603535174056,10.58447708145381,8.008773244000007e-07,2.6748628999999963e-06
2024-09-14 21:20:00,30.802336716365204,10.583306905437643,8.008773244000007e-07,2.6748628999999963e-06
2024-09-14 21:30:00,30.797078914083293,10.582139236227807,8.008773244000007e-07,2.6748628999999963e-06
2024-09-14 21:40:00,30.791742454497292,10.580974389263424,8.008773244000007e-07,2.6748628999999963e-06
2024-09-14 21:50:00,30.786293964474513,10.579812571078076,8.008773244000007e-07,2.6748628999999963e-06
2024-09-14 22:00:00,30.78064863126391,10.578653845174001,8.008773244000007e-07,2.6748628999999963e-06
2024-09-14 22:10:00,30.774861451951427,10.57749823204971,8.008773244000007e-07,2.6748628999999963e-06
2024-09-14 22:20:00,30.768959841124673,10.576345971288786,8.008773244000007e-07,2.6748628999999963e-06
2024-09-14 22:30:00,30.762894071683768,10.575197255283786,8.008773244000007e-07,2.6748628999999963e-06
2024-09-14 22:40:00,30.75666965643624,10.574052191081662,8.008773244000007e-07,2.6748628999999963e-06
2024-09-14 22:50:00,30.750403207965856,10.572910858294287,8.008773244000007e-07,2.6748628999999963e-06
2024-09-14 23:00:00,30.744135129342222,10.571773314589258,8.008773244000007e-07,2.6748628999999963e-06
2024-09-14 23:10:00,30.737941073301,10.570639475382919,8.008773244000007e-07,2.6748628999999963e-06
2024-09-14 23:20:00,30.73180533317934,10.569509340939055,8.008773244000007e-07,2.6748628999999963e-06
2024-09-14 23:30:00,30.725698725008417,10.568382966962812,8.008773244000007e-07,2.6748628999999963e-06
2024-09-14 23:40:00,30.719653954642673,10.56726003173306,8.008773244000007e-07,2.6748628999999963e-06
2024-09-14 23:50:00,30.71367718301294,10.566140400006242,8.008773244000007e-07,2.6748628999999963e-06
2024-09-15 00:00:00,30.707687586886056,10.565024154853845,8.008773244000007e-07,2.6748628999999963e-06
2024-09-15 00:10:00,30.701655776303234,10.563911497124893,8.008773244000007e-07,2.6748628999999963e-06
2024-09-15 00:20:00,30.695517449938816,10.562802226522999,8.008773244000007e-07,2.6748628999999963e-06
2024-09-15 00:30:00,30.689290975937638,10.56169611180563,8.008773244000007e-07,2.6748628999999963e-06
2024-09-15 00:40:00,30.682992045956546,10.56059158996063,8.008773244000007e-07,2.6748628999999963e-06
2024-09-15 00:50:00,30.676579935734942,10.559488003097004,8.008773244000007e-07,2.6748628999999963e-06
2024-09-15 01:00:00,30.670096510762303,10.558385687490055,8.008773244000007e-07,2.6748628999999963e-06
2024-09-15 01:10:00,30.663600095316042,10.557286051787623,8.008773244000007e-07,2.6748628999999963e-06
2024-09-15 01:20:00,30.65713745255514,10.556189570456947,8.008773244000007e-07,2.6748628999999963e-06
2024-09-15 01:30:00,30.650729737485396,10.55509579675254,8.008773244000007e-07,2.6748628999999963e-06
2024-09-15 01:40:00,30.64435773014837,10.554003753523263,8.008773244000007e-07,2.6748628999999963e-06
2024-09-15 01:50:00,30.638049407292666,10.55291296639977,8.008773244000007e-07,2.6748628999999963e-06
2024-09-15 02:00:00,30.63178687346871,10.551823497126865,8.008773244000007e-07,2.6748628999999963e-06
2024-09-15 02:10:00,30.625526957063517,10.55073563587587,8.008773244000007e-07,2.6748628999999963e-06
2024-09-15 02:20:00,30.619232195297148,10.549649298314582,8.008773244000007e-07,2.6748628999999963e-06
2024-09-15 02:30:00,30.612893258354912,10.548564234703948,8.008773244000007e-07,2.6748628999999963e-06
2024-09-15 02:40:00,30.60651771971291,10.547481071824528,8.008773244000007e-07,2.6748628999999963e-06
2024-09-15 02:50:00,30.600086399881064,10.54639994114026,8.008773244000007e-07,2.6748628999999963e-06
2024-09-15 03:00:00,30.59363874606673,10.545320474564289,8.008773244000007e-07,2.6748628999999963e-06
2024-09-15 03:10:00,30.587211351048698,10.544241539999529,8.008773244000007e-07,2.6748628999999963e-06
2024-09-15 03:20:00,30.580831008693384,10.543162580928655,8.008773244000007e-07,2.6748628999999963e-06
2024-09-15 03:30:00,30.574497843423416,10.54208368047042,8.008773244000007e-07,2.6748628999999963e-06
2024-09-15 03:40:00,30.568226207989564,10.541004645193121,8.008773244000007e-07,2.6748628999999963e-06
2024-09-15 03:50:00,30.56199676725126,10.5399253943953,8.008773244000007e-07,2.6748628999999963e-06
2024-09-15 04:00:00,30.555793633724956,10.538845951409815,8.008773244000007e-07,2.6748628999999963e-06
2024-09-15 04:10:00,30.549613382944692,10.53776593775655,8.008773244000007e-07,2.6748628999999963e-06
2024-09-15 04:20:00,30.54345437530782,10.536685331831302,8.008773244000007e-07,2.6748628999999963e-06
2024-09-15 04:30:00,30.53732852074442,10.535604294101416,8.008773244000007e-07,2.6748628999999963e-06
2024-09-15 04:40:00,30.531243561121677,10.534523790186704,8.008773244000007e-07,2.6748628999999963e-06
2024-09-15 04:50:00,30.525200120187485,10.533444189171915,8.008773244000007e-07,2.6748628999999963e-06
2024-09-15 05:00:00,30.5191935725349,10.532363175465575,8.008773244000007e-07,2.6748628999999963e-06
2024-09-15 05:10:00,30.513218518762994,10.531278113765628,8.008773244000007e-07,2.6748628999999963e-06
2024-09-15 05:20:00,30.507271879322058,10.530188724530872,8.008773244000007e-07,2.6748628999999963e-06
2024-09-15 05:30:00,30.501351226088158,10.529095318324492,8.008773244000007e-07,2.6748628999999963e-06
2024-09-15 05:40:00,30.49545368575928,10.527997737563908,8.008773244000007e-07,2.6748628999999963e-06
2024-09-15 05:50:00,30.489575748430553,10.5268960077317,8.008773244000007e-07,2.6748628999999963e-06
2024-09-15 06:00:00,30.483712956193724,10.525790322618315,8.008773244000007e-07,2.6748628999999963e-06
2024-09-15 06:10:00,30.47786065489452,10.52468115837044,8.008773244000007e-07,2.6748628999999963e-06
2024-09-15 06:20:00,30.472013904776635,10.523569125330528,8.008773244000007e-07,2.6748628999999963e-06
2024-09-15 06:30:00,30.466166920080845,10.522454593391165,8.008773244000007e-07,2.6748628999999963e-06
2024-09-15 06:40:00,30.460312873711274,10.52133756999475,8.008773244000007e-07,2.6748628999999963e-06
2024-09-15 06:50:00,30.454444422490425,10.520218232059914,8.008773244000007e-07,2.6748628999999963e-06
2024-09-15 07:00:00,30.448554289886914,10.519096941663616,8.008773244000007e-07,2.6748628999999963e-06
2024-09-15 07:10:00,30.44263521593311,10.517974116302849,8.008773244000007e-07,2.6748628999999963e-06
2024-09-15 07:20:00,30.436679172528137,10.516849815249836,8.008773244000007e-07,2.6748628999999963e-06
2024-09-15 07:30:00,30.43067692109611,10.51572413465308,8.008773244000007e-07,2.6748628999999963e-06
2024-09-15 07:40:00,30.42461869761424,10.514597598621489,8.008773244000007e-07,2.6748628999999963e-06
2024-09-15 07:50:00,30.418494557196077,10.513470510425638,8.008773244000007e-07,2.6748628999999963e-06
2024-09-15 08:00:00,30.412294891115994,10.512342950186138,8.008773244000007e-07,2.6748628999999963e-06
2024-09-15 08:10:00,30.406008013089224,10.511212248140415,8.008773244000007e-07,2.6748628999999963e-06
2024-09-15 08:20:00,30.399626712657454,10.510077757980458,8.008773244000007e-07,2.6748628999999963e-06
2024-09-15 08:30:00,30.39315543143796,10.508940423876128,8.008773244000007e-07,2.6748628999999963e-06
2024-09-15 08:40:00,30.38661653305276,10.50780208030679,8.008773244000007e-07,2.6748628999999963e-06
2024-09-15 08:50:00,30.38004472765293,10.506663662842515,8.008773244000007e-07,2.6748628999999963e-06
2024-09-15 09:00:00,30.373468619624287,10.50552521704829,8.008773244000007e-07,2.6748628999999963e-06
2024-09-15 09:10:00,30.36689377455075,10.504384589356471,8.008773244000007e-07,2.6748628999999963e-06
2024-09-15 09:20:00,30.360318867018155,10.503239756245629,8.008773244000007e-07,2.6748628999999963e-06
2024-09-15 09:30:00,30.353743863524315,10.502090078757016,8.008773244000007e-07,2.6748628999999963e-06
2024-09-15 09:40:00,30.347174321396402,10.500939371877227,8.008773244000007e-07,2.6748628999999963e-06
2024-09-15 09:50:00,30.340609076579174,10.499788344251789,8.008773244000007e-07,2.6748628999999963e-06
2024-09-15 10:00:00,30.334041144485266,10.498634196685359,8.008773244000007e-07,2.6748628999999963e-06
2024-09-15 10:10:00,30.32750927009773,10.497491024753549,8.008773244000007e-07,2.6748628999999963e-06
2024-09-15 10:20:00,30.32103158551336,10.49636740927516,8.008773244000007e-07,2.6748628999999963e-06
2024-09-15 10:30:00,30.314597585754978,10.49525996970394,8.008773244000007e-07,2.6748628999999963e-06
2024-09-15 10:40:00,30.30818838955393,10.494158442436332,8.008773244000007e-07,2.6748628999999963e-06
2024-09-15 10:50:00,30.30179781761048,10.493057986209484,8.008773244000007e-07,2.6748628999999963e-06
2024-09-15 11:00:00,30.295429520306865,10.491960203613967,8.008773244000007e-07,2.6748628999999963e-06
2024-09-15 11:10:00,30.289077989695347,10.490862682126966,8.008773244000007e-07,2.6748628999999963e-06
2024-09-15 11:20:00,30.282741267582846,10.489764180247882,8.008773244000007e-07,2.6748628999999963e-06
2024-09-15 11:30:00,30.276421954151793,10.48866565706408,8.008773244000007e-07,2.6748628999999963e-06
2024-09-15 11:40:00,30.270121216860012,10.487567175401757,8.008773244000007e-07,2.6748628999999963e-06
2024-09-15 11:50:00,30.26384003686333,10.486469055593075,8.008773244000007e-07,2.6748628999999963e-06
2024-09-15 12:00:00,30.257579380779536,10.48537194354028,8.008773244000007e-07,2.6748628999999963e-06
