depth_index,Beech_Soil,Spruce_Soil,Beech_Tree,Spruce_Tree,Beech_Tree_Profile,Spruce_Tree_Profile
1,0.44002849865959937,0.028274489418599117,0.0021956399999999996,0.0011029532011199998,0.0021956399999999996,0.0011029532011199998
2,0.041755169384038456,0.028334403565120826,0.0021956399999999996,0.0011029532011199998,0.0021956399999999996,0.0011029532011199998
3,0.03806863806249008,0.02857438576779314,0.0021956399999999996,0.0011029532011199998,0.0021956399999999996,0.0011029532011199998
4,0.03799512821326534,0.02893044714517805,0.0021956399999999996,0.0011029532011199998,0.0021956399999999996,0.0011029532011199998
5,0.04339511221489441,0.029207044450512674,0.0021956399999999996,0.0011029532011199998,0.0021956399999999996,0.0011029532011199998
6,0.04227761615035554,0.0304554191877556,0.0021956399999999996,0.0011029532011199998,0.0021956399999999996,0.0011029532011199998
7,0.0884986144403248,0.03369665382891541,0.0021956399999999996,0.0011029532011199998,0.0021956399999999996,0.0011029532011199998
8,0.033629172858563046,0.028298523459231728,0.0021956399999999996,0.0011029532011199998,0.0021956399999999996,0.0011029532011199998
9,0.033184966213083096,0.027612565632468066,0.0021956399999999996,0.0011029532011199998,0.0021956399999999996,0.0011029532011199998
10,0.03274034978370148,0.026936601854611737,0.0021956399999999996,0.0011029532011199998,0.0021956399999999996,0.0011029532011199998
11,0.0322953296809323,0.02626202389675527,0.0021956399999999996,0.0011029532011199998,0.0021956399999999996,0.0011029532011199998
12,0.03184991824814871,0.025583231083824994,0.0021956399999999996,0.0011029532011199998,0.0021956399999999996,0.0011029532011199998
13,0.03140413162105739,0.02489611206877802,0.0021956399999999996,0.0011029532011199998,0.0021956399999999996,0.0011029532011199998
14,0.03095798885884822,0.024197446642210577,0.0021956399999999996,0.0011029532011199998,0.0021956399999999996,0.0011029532011199998
15,0.030511511560792848,0.023484574537765604,0.0021956399999999996,0.0011029532011199998,0.0021956399999999996,0.0011029532011199998
16,0.030064723683413556,0.02275519736734422,0.0021956399999999996,0.0011029532011199998,0.0021956399999999996,0.0011029532011199998
17,0.02961765145272822,0.022007269885462637,0.0021956399999999996,0.0011029532011199998,0.0021956399999999996,0.0011029532011199998
18,0.029170323324252338,0.021238954923908385,0.0021956399999999996,0.0011029532011199998,0.0021956399999999996,0.0011029532011199998
19,0.028722769966941234,0.020448621641789382,0.0021956399999999996,0.0011029532011199998,0.0021956399999999996,0.0011029532011199998
20,0.028275024258210827,0.019634869771089913,0.0021956399999999996,0.0011029532011199998,0.0021956399999999996,0.0011029532011199998
21,0.027827121282775858,0.018796566407771775,0.0021956399999999996,0.0011029532011199998,0.0021956399999999996,0.0011029532011199998
22,0.02737909833110294,0.01793288740276936,0.0021956399999999996,0.0011029532011199998,0.0021956399999999996,0.0011029532011199998
23,0.026930994894997902,0.01704336079827412,0.0021956399999999996,0.0011029532011199998,0.0021956399999999996,0.0011029532011199998
24,0.02648285265884988,0.016127913279814502,0.0021956399999999996,0.0011029532011199998,0.0021956399999999996,0.0011029532011199998
25,0.0260347154856338,0.015186923793202346,0.0021956399999999996,0.0011029532011199998,0.0021956399999999996,0.0011029532011199998
26,0.025586629397122272,0.014221288184830802,0.0021956399999999996,0.0011029532011199998,0.0021956399999999996,0.0011029532011199998
27,0.02513864254796344,0.013232436632457276,0.0021956399999999996,0.0011029532011199998,0.0021956399999999996,0.0011029532011199998
28,0.02469080519341949,0.0122218426420357,0.0021956399999999996,0.0011029532011199998,0.0021956399999999996,0.0011029532011199998
29,0.024243169650645897,0.011188277401993248,0.0021956399999999996,0.0011029532011199998,0.0021956399999999996,0.0011029532011199998
30,0.023373831763031525,0.016925912184598216,0.0021956399999999996,0.0011029532011199998,0.0021956399999999996,0.0011029532011199998
31,0.02313755073964205,0.011076987311278414,0.0021956399999999996,0.0011029532011199998,0.0021956399999999996,0.0011029532011199998
32,0.02290620981241945,0.007617358735020019,0.0021956399999999996,0.0011029532011199998,0.0021956399999999996,0.0011029532011199998
33,0.022679672533420334,0.0054557249331064,0.0021956399999999996,0.0011029532011199998,0.0021956399999999996,0.0011029532011199998
34,0.0224578071969854,0.004038208485071997,0.0021956399999999996,0.0011029532011199998,0.0021956399999999996,0.0011029532011199998
35,0.021058288162984138,0.00856980085084263,0.0021956399999999996,0.0011029532011199998,0.0021956399999999996,0.0011029532011199998
36,0.020866910199440578,0.004249311760693756,0.0021956399999999996,0.0011029532011199998,0.0021956399999999996,0.0011029532011199998
37,0.02067909732437277,0.002266479570560598,0.0021956399999999996,0.0011029532011199998,0.0021956399999999996,0.0011029532011199998
38,0.020494760082608345,0.0012884982938764268,0.0021956399999999996,0.0011029532011199998,0.0021956399999999996,0.0011029532011199998
39,0.020313811757556362,0.0007742885023870913,0.0021956399999999996,0.0011029532011199998,0.0021956399999999996,0.0011029532011199998
40,0.01877776171643042,0.00038664774052648475,0.0021956399999999996,0.0011029532011199998,0.0021956399999999996,0.0011029532011199998
41,0.018622996602815276,0.0002444908836534949,0.0021956399999999996,0.0011029532011199998,0.0021956399999999996,0.0011029532011199998
42,0.018470669537734824,0.0001644552382227523,0.0021956399999999996,0.0011029532011199998,0.0021956399999999996,0.0011029532011199998
43,0.018320723852496845,0.00011683675638287114,0.0021956399999999996,0.0011029532011199998,0.0021956399999999996,0.0011029532011199998
44,0.018173104322734817,8.707778711929911e-05,0.0021956399999999996,0.0011029532011199998,0.0021956399999999996,0.0011029532011199998
45,0.016540659827485236,1.443828888208378e-05,0.0021956399999999996,0.0011029532011199998,0.0021956399999999996,0.0011029532011199998
46,0.016414553138491633,1.4215918540339296e-05,0.0021956399999999996,0.0011029532011199998,0.0021956399999999996,0.0011029532011199998
47,0.016289961459239007,1.4002035262554631e-05,0.0021956399999999996,0.0011029532011199998,0.0021956399999999996,0.0011029532011199998
48,0.016166848878249755,1.379617560429835e-05,0.0021956399999999996,0.0011029532011199998,0.0021956399999999996,0.0011029532011199998
49,0.016045180126152886,1.3597906734647197e-05,0.0021956399999999996,0.0011029532011199998,0.0021956399999999996,0.0011029532011199998
50,0.013517503666584964,8.87731664726906e-06,0.0021956399999999996,0.0011029532011199998,0.0021956399999999996,0.0011029532011199998
51,0.013419037096412447,8.874576510638233e-06,0.0021956399999999996,0.0011029532011199998,0.0021956399999999996,0.0011029532011199998
52,0.013321044132839297,8.871838088002824e-06,0.0021956399999999996,0.0011029532011199998,0.0021956399999999996,0.0011029532011199998
53,0.01322350227516794,8.869101377866254e-06,0.0021956399999999996,0.0011029532011199998,0.0021956399999999996,0.0011029532011199998
54,0.013126388997934378,8.866366378733575e-06,0.0021956399999999996,0.0011029532011199998,0.0021956399999999996,0.0011029532011199998
55,0.013029681737915251,8.863633089111494e-06,0.0021956399999999996,0.0011029532011199998,0.0021956399999999996,0.0011029532011199998
56,0.012933357880960998,8.860901507508335e-06,0.0021956399999999996,0.0011029532011199998,0.0021956399999999996,0.0011029532011199998
57,0.012837394748640053,8.858171632433999e-06,0.0021956399999999996,0.0011029532011199998,0.0021956399999999996,0.0011029532011199998
58,0.012741769584677742,8.855443462400032e-06,0.0021956399999999996,0.0011029532011199998,0.0021956399999999996,0.0011029532011199998
59,0.01264645954117414,8.852716995919602e-06,0.0021956399999999996,0.0011029532011199998,0.0021956399999999996,0.0011029532011199998
60,0.009353049825638537,8.565806960099557e-06,0.0021956399999999996,0.0011029532011199998,0.0021956399999999996,0.0011029532011199998
61,0.009274104693726993,8.565849584436748e-06,0.0021956399999999996,0.0011029532011199998,0.0021956399999999996,0.0011029532011199998
62,0.009194542797316557,8.56589227641378e-06,0.0021956399999999996,0.0011029532011199998,0.0021956399999999996,0.0011029532011199998
63,0.009114338930491716,8.565935036028675e-06,0.0021956399999999996,0.0011029532011199998,0.0021956399999999996,0.0011029532011199998
64,0.009033467236774777,8.565977863279584e-06,0.0021956399999999996,0.0011029532011199998,0.0021956399999999996,0.0011029532011199998
65,0.008951901184525355,8.566020758164589e-06,0.0021956399999999996,0.0011029532011199998,0.0021956399999999996,0.0011029532011199998
66,0.00886961354135081,8.566063720681813e-06,0.0021956399999999996,0.0011029532011199998,0.0021956399999999996,0.0011029532011199998
67,0.00878657634748099,8.566106750829328e-06,0.0021956399999999996,0.0011029532011199998,0.0021956399999999996,0.0011029532011199998
68,0.008702760888058192,8.566149848605276e-06,0.0021956399999999996,0.0011029532011199998,0.0021956399999999996,0.0011029532011199998
69,0.008618137664290584,8.566193014007747e-06,0.0021956399999999996,0.0011029532011199998,0.0021956399999999996,0.0011029532011199998
70,0.008532676363414732,8.566236247034851e-06,0.0021956399999999996,0.0011029532011199998,0.0021956399999999996,0.0011029532011199998
71,0.005472037232326478,8.404772228761523e-06,0.0021956399999999996,0.0011029532011199998,0.0021956399999999996,0.0011029532011199998
72,0.005392284550470794,8.405895353946163e-06,0.0021956399999999996,0.0011029532011199998,0.0021956399999999996,0.0011029532011199998
73,0.005311054045015473,8.407018679552311e-06,0.0021956399999999996,0.0011029532011199998,0.0021956399999999996,0.0011029532011199998
74,0.0052283039369998225,8.408142205622933e-06,0.0021956399999999996,0.0011029532011199998,0.0021956399999999996,0.0011029532011199998
75,0.005143991091124155,8.409265932200977e-06,0.0021956399999999996,0.0011029532011199998,0.0021956399999999996,0.0011029532011199998
76,0.005058070963192398,8.410389859329477e-06,0.0021956399999999996,0.0011029532011199998,0.0021956399999999996,0.0011029532011199998
77,0.0049704975452001055,8.411513987051422e-06,0.0021956399999999996,0.0011029532011199998,0.0021956399999999996,0.0011029532011199998
78,0.004881223307947722,8.412638315409818e-06,0.0021956399999999996,0.0011029532011199998,0.0021956399999999996,0.0011029532011199998
79,0.004790199141051982,8.41376284444772e-06,0.0021956399999999996,0.0011029532011199998,0.0021956399999999996,0.0011029532011199998
80,0.0005056726128379037,8.20250846816923e-06,0.0021956399999999996,0.0011029532011199998,0.0021956399999999996,0.0011029532011199998
81,0.0004163523754852421,8.204998867502667e-06,0.0021956399999999996,0.0011029532011199998,0.0021956399999999996,0.0011029532011199998
82,0.0003249039731015468,8.207490113409267e-06,0.0021956399999999996,0.0011029532011199998,0.0021956399999999996,0.0011029532011199998
83,0.00023126889853207212,8.209982206211631e-06,0.0021956399999999996,0.0011029532011199998,0.0021956399999999996,0.0011029532011199998
84,0.0001353867056607832,8.212475146232516e-06,0.0021956399999999996,0.0011029532011199998,0.0021956399999999996,0.0011029532011199998
85,3.7194933411624885e-05,8.214968933794804e-06,0.0021956399999999996,0.0011029532011199998,0.0021956399999999996,0.0011029532011199998
86,6.337097370126237e-05,8.217463569221498e-06,0.0021956399999999996,0.0011029532011199998,0.0021956399999999996,0.0011029532011199998
87,0.00016637774865278942,8.219959052835786e-06,0.0021956399999999996,0.0011029532011199998,0.0021956399999999996,0.0011029532011199998
88,0.0002718943888048964,8.222455384960921e-06,0.0021956399999999996,0.0011029532011199998,0.0021956399999999996,0.0011029532011199998
89,0.00037999224682262864,8.224952565920366e-06,0.0021956399999999996,0.0011029532011199998,0.0021956399999999996,0.0011029532011199998
90,0.0004907451258205344,8.22745059603765e-06,0.0021956399999999996,0.0011029532011199998,0.0021956399999999996,0.0011029532011199998
91,0.0006042293789633617,8.229949475636496e-06,0.0021956399999999996,0.0011029532011199998,0.0021956399999999996,0.0011029532011199998
92,0.0007205240137586343,8.23244920504074e-06,0.0021956399999999996,0.0011029532011199998,0.0021956399999999996,0.0011029532011199998
93,0.0008397108012931745,8.234949784574397e-06,0.0021956399999999996,0.0011029532011199998,0.0021956399999999996,0.0011029532011199998
94,0.0009618743906803112,8.237451214561516e-06,0.0021956399999999996,0.0011029532011199998,0.0021956399999999996,0.0011029532011199998
95,0.0010871024290013216,8.239953495326379e-06,0.0021956399999999996,0.0011029532011199998,0.0021956399999999996,0.0011029532011199998
96,0.0012154856870414921,8.242456627193382e-06,0.0021956399999999996,0.0011029532011199998,0.0021956399999999996,0.0011029532011199998
97,0.0013471181911399641,8.244960610487039e-06,0.0021956399999999996,0.0011029532011199998,0.0021956399999999996,0.0011029532011199998
98,0.0014820973614920424,8.247465445532027e-06,0.0021956399999999996,0.0011029532011199998,0.0021956399999999996,0.0011029532011199998
99,0.0016205241572640789,8.249971132653142e-06,0.0021956399999999996,0.0011029532011199998,0.0021956399999999996,0.0011029532011199998
100,0.0017625032289032127,8.252477672175304e-06,0.0021956399999999996,0.0011029532011199998,0.0021956399999999996,0.0011029532011199998
101,0.0019081430780488178,8.25498506442362e-06,0.0021956399999999996,0.0011029532011199998,0.0021956399999999996,0.0011029532011199998
102,0.002057556225478007,8.257493309723295e-06,0.0021956399999999996,0.0011029532011199998,0.0021956399999999996,0.0011029532011199998
103,0.002210859387545267,8.260002408399683e-06,0.0021956399999999996,0.0011029532011199998,0.0021956399999999996,0.0011029532011199998
104,0.005035625888843958,7.387528545423444e-06,0.0021956399999999996,0.0011029532011199998,0.0021956399999999996,0.0011029532011199998
105,0.005166012968625836,7.400821177712115e-06,0.0021956399999999996,0.0011029532011199998,0.0021956399999999996,0.0011029532011199998
106,0.005299399025805585,7.414141495533656e-06,0.0021956399999999996,0.0011029532011199998,0.0021956399999999996,0.0011029532011199998
107,0.00543586587691122,7.427489564807156e-06,0.0021956399999999996,0.0011029532011199998,0.0021956399999999996,0.0011029532011199998
108,0.0055754980188988485,7.440865451628903e-06,0.0021956399999999996,0.0011029532011199998,0.0021956399999999996,0.0011029532011199998
109,0.005718382732687434,7.4542692222728855e-06,0.0021956399999999996,0.0011029532011199998,0.0021956399999999996,0.0011029532011199998
110,0.005864610191317475,7.467700943191322e-06,0.0021956399999999996,0.0011029532011199998,0.0021956399999999996,0.0011029532011199998
111,0.006014273572968782,7.481160681015214e-06,0.0021956399999999996,0.0011029532011199998,0.0021956399999999996,0.0011029532011199998
112,0.0061674691790856405,7.494648502554855e-06,0.0021956399999999996,0.0011029532011199998,0.0021956399999999996,0.0011029532011199998
113,0.006324296557871779,7.50816447480039e-06,0.0021956399999999996,0.0011029532011199998,0.0021956399999999996,0.0011029532011199998
114,0.00648485863343327,7.5217086649223736e-06,0.0021956399999999996,0.0011029532011199998,0.0021956399999999996,0.0011029532011199998
115,0.006649261840862684,7.535281140272256e-06,0.0021956399999999996,0.0011029532011199998,0.0021956399999999996,0.0011029532011199998
116,0.006817616267576217,7.548881968382974e-06,0.0021956399999999996,0.0011029532011199998,0.0021956399999999996,0.0011029532011199998
117,0.006990035801232394,7.562511216969483e-06,0.0021956399999999996,0.0011029532011199998,0.0021956399999999996,0.0011029532011199998
118,0.007166638284582005,7.57616895392931e-06,0.0021956399999999996,0.0011029532011199998,0.0021956399999999996,0.0011029532011199998
119,0.007347545677617951,7.589855247343082e-06,0.0021956399999999996,0.0011029532011199998,0.0021956399999999996,0.0011029532011199998
120,0.007532884227417495,7.603570165475121e-06,0.0021956399999999996,0.0011029532011199998,0.0021956399999999996,0.0011029532011199998
121,0.007722784646091726,7.617313776773926e-06,0.0021956399999999996,0.0011029532011199998,0.0021956399999999996,0.0011029532011199998
122,0.007917382297283145,7.631086149872792e-06,0.0021956399999999996,0.0011029532011199998,0.0021956399999999996,0.0011029532011199998
123,0.008116817391678185,7.644887353590361e-06,0.0021956399999999996,0.0011029532011199998,0.0021956399999999996,0.0011029532011199998
124,0.008321235192031628,7.658717456931142e-06,0.0021956399999999996,0.0011029532011199998,0.0021956399999999996,0.0011029532011199998
125,0.008530786228228858,7.672576529086094e-06,0.0021956399999999996,0.0011029532011199998,0.0021956399999999996,0.0011029532011199998
126,0.008745626522945946,7.686464639433191e-06,0.0021956399999999996,0.0011029532011199998,0.0021956399999999996,0.0011029532011199998
127,0.00841001281442755,7.666971196612925e-06,0.0021956399999999996,0.0011029532011199998,0.0021956399999999996,0.0011029532011199998
128,0.0085673648188346,7.904019075180816e-06,0.0021956399999999996,0.0011029532011199998,0.0021956399999999996,0.0011029532011199998
129,0.008728091762296606,8.149576545162956e-06,0.0021956399999999996,0.0011029532011199998,0.0021956399999999996,0.0011029532011199998
130,0.008892281340914734,8.403991695785282e-06,0.0021956399999999996,0.0011029532011199998,0.0021956399999999996,0.0011029532011199998
131,0.009060023981338924,8.66762860527821e-06,0.0021956399999999996,0.0011029532011199998,0.0021956399999999996,0.0011029532011199998
132,0.009231412940594246,8.940868155857271e-06,0.0021956399999999996,0.0011029532011199998,0.0021956399999999996,0.0011029532011199998
133,0.009406544410112483,9.224108894345591e-06,0.0021956399999999996,0.0011029532011199998,0.0021956399999999996,0.0011029532011199998
134,0.009585517624169398,9.517767941222988e-06,0.0021956399999999996,0.0011029532011199998,0.0021956399999999996,0.0011029532011199998
135,0.009768434972939801,9.822281951070132e-06,0.0021956399999999996,0.0011029532011199998,0.0021956399999999996,0.0011029532011199998
136,0.00995540212039327,1.0138108127572936e-05,0.0021956399999999996,0.0011029532011199998,0.0021956399999999996,0.0011029532011199998
137,0.01014652812726572,1.0465725296463077e-05,0.0021956399999999996,0.0011029532011199998,0.0021956399999999996,0.0011029532011199998
138,0.010341925579354554,1.0805635039996453e-05,0.0021956399999999996,0.0011029532011199998,0.0021956399999999996,0.0011029532011199998
139,0.010541710721399176,1.1158362896813337e-05,0.0021956399999999996,0.0011029532011199998,0.0021956399999999996,0.0011029532011199998
140,0.010746003596822542,1.1524459631283502e-05,0.0021956399999999996,0.0011029532011199998,0.0021956399999999996,0.0011029532011199998
141,0.010954928193624865,1.1904502576717876e-05,0.0021956399999999996,0.0011029532011199998,0.0021956399999999996,0.0011029532011199998
142,0.011168612596736918,1.2299097057126898e-05,0.0021956399999999996,0.0011029532011199998,0.0021956399999999996,0.0011029532011199998
143,0.011387189147157327,1.2708877892526133e-05,0.0021956399999999996,0.0011029532011199998,0.0021956399999999996,0.0011029532011199998
144,0.011610794608216903,1.313451099313356e-05,0.0021956399999999996,0.0011029532011199998,0.0021956399999999996,0.0011029532011199998
145,0.011839570339331687,1.3576695048172249e-05,0.0021956399999999996,0.0011029532011199998,0.0021956399999999996,0.0011029532011199998
146,0.012073662477628345,1.4036163315389055e-05,0.0021956399999999996,0.0011029532011199998,0.0021956399999999996,0.0011029532011199998
147,0.012313222127845698,1.4513685517825878e-05,0.0021956399999999996,0.0011029532011199998,0.0021956399999999996,0.0011029532011199998
148,0.012558405560941384,1.5010069854838069e-05,0.0021956399999999996,0.0011029532011199998,0.0021956399999999996,0.0011029532011199998
149,0.012809374421855688,1.5526165134847616e-05,0.0021956399999999996,0.0011029532011199998,0.0021956399999999996,0.0011029532011199998
