time,Beech_theta_meas,Spruce_theta_meas,Beech_theta,Spruce_theta,Beech,Spruce,Spruce_root,Beech_root,Rain_Beech,Rain_Spruce,Rain_Free,Beech_change,Spruce_change
2024-09-13 00:00:00,0.1414676203791204,0.13594249036001,0.05658607988210477,0.11129922088147155,7.997156724015744,6.1819193470951985,8.008773244000007e-07,6.223133943156625e-07,0.0,0.0,0.0,0.0,0.0
2024-09-13 00:10:00,0.1414935394431271,0.1358969684240611,0.0565736442052183,0.11117638191281176,7.996551920216667,6.181003136589099,8.008773244000007e-07,6.218583827771182e-07,0.0,0.0,0.0,-0.0006048037990771249,-0.0009162105060998016
2024-09-13 00:20:00,0.1415194585071337,0.1358514464881122,0.05656138158584364,0.11105472473613509,7.995946408723209,6.180087459715826,8.008773244000007e-07,6.214045236974868e-07,0.0,0.0,0.0,-0.0012103152925346805,-0.0018318873793727874
2024-09-13 00:30:00,0.1415453775711404,0.1358059245521633,0.05654932304864398,0.11093425711551186,7.995340480189746,6.1791722903195225,8.008773244000007e-07,6.20951640224745e-07,0.0,0.0,0.0,-0.0018162438259974323,-0.0027470567756759934
2024-09-13 00:40:00,0.1415194585071337,0.1358286855201377,0.05653747081307359,0.11081405803676152,7.994734259177129,6.178255696291978,8.008773244000007e-07,6.204996760156545e-07,0.0,0.0,0.0,-0.0024224648386148573,-0.0036636508032206194
2024-09-13 00:50:00,0.1414935394431271,0.1358514464881122,0.05652582449239689,0.11069215019694989,7.994127833253055,6.17733587222577,8.008773244000007e-07,6.200485982078463e-07,0.0,0.0,0.0,-0.003028890762688974,-0.00458347486942845
2024-09-13 01:00:00,0.1414676203791204,0.1358742074560866,0.05651438288996287,0.11056915858784092,7.993521274326383,6.176413539664534,8.008773244000007e-07,6.195983828201913e-07,0.0,0.0,0.0,-0.0036354496893604704,-0.005505807430664866
2024-09-13 01:10:00,0.1414417013151137,0.1358742074560866,0.05650301845463166,0.11044608581779296,7.992913897490926,6.175489901241884,8.008773244000007e-07,6.191469243226657e-07,0.0,0.0,0.0,-0.004242826524818,-0.006429445853314952
2024-09-13 01:20:00,0.141415782251107,0.1358742074560866,0.0564918067019875,0.11032400654229328,7.992305565244551,6.174565915161619,8.008773244000007e-07,6.186963855425296e-07,0.0,0.0,0.0,-0.00485115877119302,-0.007353431933579735
2024-09-13 01:30:00,0.1413898631871004,0.1358742074560866,0.05648076969442058,0.11020298302928648,7.991696524601474,6.17364161626698,8.008773244000007e-07,6.182465922784826e-07,0.0,0.0,0.0,-0.00546019941426934,-0.008277730828218921
2024-09-13 01:40:00,0.1414157822511071,0.1358514464881122,0.056470075857865384,0.11008330291900115,7.9910878877975975,6.172717772635745,8.008773244000007e-07,6.178002431793693e-07,0.0,0.0,0.0,-0.006068836218146245,-0.009201574459453354
2024-09-13 01:50:00,0.1414417013151139,0.1358286855201377,0.05645962108284214,0.10996561616943616,7.990479978541034,6.171794979685993,8.008773244000007e-07,6.173544346126576e-07,0.0,0.0,0.0,-0.0066767454747100885,-0.010124367409205526
2024-09-13 02:00:00,0.1414676203791207,0.1358059245521633,0.05644937274416785,0.10984935808696757,7.9898726166419465,6.170872460577743,8.008773244000007e-07,6.169093438596032e-07,0.0,0.0,0.0,-0.007284107373797255,-0.011046886517455334
2024-09-13 02:10:00,0.1414676203791207,0.1358286855201377,0.05643944964685155,0.10973408226413947,7.989266539150354,6.1699501357545685,8.008773244000007e-07,6.164671538794141e-07,0.0,0.0,0.0,-0.007890184865389394,-0.011969211340630004
2024-09-13 02:20:00,0.1414676203791207,0.1358514464881122,0.056429749554440224,0.10962019455153645,7.988661832359897,6.169028313811247,8.008773244000007e-07,6.160254626497322e-07,0.0,0.0,0.0,-0.008494891655846715,-0.012891033283951359
2024-09-13 02:30:00,0.1414676203791207,0.1358742074560866,0.05642024258574515,0.10950734939117639,7.98805826302385,6.168106607248765,8.008773244000007e-07,6.155845146948333e-07,0.0,0.0,0.0,-0.009098460991893376,-0.013812739846433608
2024-09-13 02:40:00,0.1414417013151141,0.1357831635841888,0.05641099969315635,0.10939553941402744,7.987456243278957,6.167185326500873,8.008773244000007e-07,6.151457568944086e-07,0.0,0.0,0.0,-0.009700480736786865,-0.014734020594325159
2024-09-13 02:50:00,0.1414157822511074,0.1356921197122911,0.05640194803285951,0.10928511074094258,7.98685577437117,6.166264737692849,8.008773244000007e-07,6.14707609309932e-07,0.0,0.0,0.0,-0.01030094964457362,-0.01565460940234953
2024-09-13 03:00:00,0.1413898631871007,0.1356010758403933,0.05639306300922216,0.1091757336676831,7.986256652396058,6.165344487061183,8.008773244000007e-07,6.142702271370778e-07,0.0,0.0,0.0,-0.010900071619685647,-0.01657486003401587
2024-09-13 03:10:00,0.141363944123094,0.1356010758403933,0.05638431007997626,0.10906660820173468,7.985658639756587,6.164423165992733,8.008773244000007e-07,6.138332649899198e-07,0.0,0.0,0.0,-0.011498084259156549,-0.01749618110246587
2024-09-13 03:20:00,0.1413380250590874,0.1356010758403933,0.05637569411814349,0.10895638323566295,7.985061636725376,6.163499476673409,8.008773244000007e-07,6.13397127109918e-07,0.0,0.0,0.0,-0.012095087290367346,-0.018419870421789497
2024-09-13 03:30:00,0.1413121059950807,0.1356010758403933,0.05636720968184829,0.10884534100772596,7.984465614228196,6.1625736979739765,8.008773244000007e-07,6.12961765419368e-07,0.0,0.0,0.0,-0.012691109787548172,-0.019345649121222053
2024-09-13 03:40:00,0.1412861869310741,0.1356010758403933,0.05635905338017685,0.10873443248803094,7.983871753478594,6.161647316369809,8.008773244000007e-07,6.125305599365469e-07,0.0,0.0,0.0,-0.013284970537149832,-0.020272030725389634
2024-09-13 03:50:00,0.1412602678670674,0.1356010758403933,0.056351072232738074,0.10862504823440074,7.98328018123865,6.160721460122433,8.008773244000007e-07,6.12099655791564e-07,0.0,0.0,0.0,-0.013876542777094159,-0.021197886972765367
2024-09-13 04:00:00,0.1412343488030607,0.1356010758403933,0.056343225255302255,0.1085167688950643,7.982690486080139,6.159795631403935,8.008773244000007e-07,6.116694096024697e-07,0.0,0.0,0.0,-0.014466237935605086,-0.022123715691263257
2024-09-13 04:10:00,0.1412602678670674,0.1355783148724189,0.05633538170177636,0.10840922697074132,7.982101779568541,6.158869579180326,8.008773244000007e-07,6.112379242530677e-07,0.0,0.0,0.0,-0.015054944447202345,-0.023049767914872454
2024-09-13 04:20:00,0.1412861869310741,0.1355555539044444,0.056327619720972576,0.1083023943417429,7.981513852673055,6.157943420296174,8.008773244000007e-07,6.108075275680527e-07,0.0,0.0,0.0,-0.01564287134268838,-0.023975926799024272
2024-09-13 04:30:00,0.1413121059950808,0.13553279293647,0.05631995225359445,0.10819634861422742,7.980926851558455,6.157017282209348,8.008773244000007e-07,6.103779812921535e-07,0.0,0.0,0.0,-0.016229872457288685,-0.02490206488585045
2024-09-13 04:40:00,0.1413380250590874,0.1355100319684955,0.0563121742259873,0.10809032795187061,7.980339570396892,6.156089613182637,8.008773244000007e-07,6.099458873630539e-07,0.0,0.0,0.0,-0.0168171536188515,-0.025829733912561714
2024-09-13 04:50:00,0.141363944123094,0.1354872710005211,0.05630409268513248,0.10798228429512972,7.979749811791955,6.155157955566054,8.008773244000007e-07,6.095094737795347e-07,0.0,0.0,0.0,-0.017406912223788318,-0.026761391529144696
2024-09-13 05:00:00,0.1413898631871007,0.1354645100325466,0.05629482166423566,0.10786959289642059,7.9791506228661815,6.154217471422224,8.008773244000007e-07,6.090553787384141e-07,0.0,0.0,0.0,-0.018006101149562248,-0.027701875672974552
2024-09-13 05:10:00,0.1414417013151141,0.1355100319684955,0.05628535271763803,0.10774902813078886,7.978542403281709,6.153265172617357,8.008773244000007e-07,6.08605744129039e-07,0.0,0.0,0.0,-0.01861432073403435,-0.028654174477841465
2024-09-13 05:20:00,0.1414935394431274,0.1355555539044444,0.0563785619494504,0.10769484201214297,7.978506564000374,6.152473445240677,8.008773244000007e-07,6.101505986209549e-07,1.0559999999999999e-05,3.06e-06,2.4900000000000002e-05,-0.0186501600153699,-0.029445901854521672
2024-09-13 05:30:00,0.1415453775711407,0.1356010758403933,0.05656026277219216,0.10794316465948554,7.97957381671559,6.152130892811426,8.008773244000007e-07,6.128405097049084e-07,2.1119999999999998e-05,6.12e-06,4.986e-05,-0.017582907300154105,-0.029788454283772303
2024-09-13 05:40:00,0.1442409602278339,0.1356238368083677,0.05757908622845,0.10884295955316776,7.985956092871025,6.153269151391894,8.008773244000007e-07,6.310142529633343e-07,0.00011244,3.276e-05,0.00026556,-0.011200631144718365,-0.02865019570330496
2024-09-13 05:50:00,0.1469365428845271,0.1356465977763422,0.058125400145553195,0.11111814594529663,7.995072891436644,6.156112664697104,8.008773244000007e-07,6.358008678817955e-07,7.434e-05,2.166e-05,0.00017556,-0.0020838325790997203,-0.025806682398094694
2024-09-13 06:00:00,0.1496321255412203,0.1356693587443166,0.05810477849316549,0.11289871129795961,8.000543507972935,6.1579956803265805,8.008773244000007e-07,6.361154114683561e-07,4.602e-05,1.338e-05,0.0001086,0.003386783957191497,-0.023923666768618013
2024-09-13 06:10:00,0.1511354312536069,0.1356921197122911,0.058328157726561705,0.11378703029562656,8.005637804121957,6.159189719875791,8.008773244000007e-07,6.423037958191157e-07,6.696e-05,1.95e-05,0.0001581,0.008481080106212957,-0.022729627219407966
2024-09-13 06:20:00,0.1526387369659936,0.1357148806802655,0.05801956894603052,0.11441859536982282,8.008735919489178,6.159922062635867,8.008773244000007e-07,6.370181484771335e-07,7.499999999999999e-06,2.16e-06,1.746e-05,0.011579195473434112,-0.021997284459331468
2024-09-13 06:30:00,0.1541420426783803,0.13573764164824,0.058040276692652035,0.11422145485671889,8.010524245975937,6.159697404187504,8.008773244000007e-07,6.415590569043143e-07,4.2239999999999995e-05,1.224e-05,9.947999999999999e-05,0.013367521960192974,-0.022221942907694192
2024-09-13 06:40:00,0.1543493951904336,0.1357604026162144,0.05859884639446482,0.11438548471537462,8.016253107083038,6.160489683707483,8.008773244000007e-07,6.516528588506661e-07,8.118e-05,2.358e-05,0.00019122,0.019096383067294553,-0.02142966338771579
2024-09-13 06:50:00,0.1545567477024869,0.1357831635841889,0.058967774974631834,0.11535866526693753,8.023449506553497,6.162202856635423,8.008773244000007e-07,6.567865086232703e-07,7.122e-05,2.0580000000000003e-05,0.0001668,0.026292782537753467,-0.01971649045977575
2024-09-13 07:00:00,0.1547641002145403,0.1358059245521633,0.059864622251414465,0.1165251351218602,8.033416245582744,6.164534345924392,8.008773244000007e-07,6.727959956774649e-07,0.00013506,3.894e-05,0.0003159,0.03625952156700052,-0.017385001170806547
2024-09-13 07:10:00,0.1551269671106336,0.1358286855201377,0.05984997048284505,0.11814234975086275,8.04238315295865,6.167224085402943,8.008773244000007e-07,6.70144722048597e-07,5.3339999999999994e-05,1.35e-05,0.00010938000000000001,0.04522642894290563,-0.014695261692255102
2024-09-13 07:20:00,0.155489834006727,0.1358514464881122,0.059605824169003375,0.11890548854714425,8.046705246023283,6.1682315060247195,8.008773244000007e-07,6.710754213924426e-07,4.8599999999999995e-05,1.134e-05,9.185999999999999e-05,0.04954852200753912,-0.013687841070479045
2024-09-13 07:30:00,0.1558527009028203,0.1358742074560866,0.05929170472782717,0.11877612925068859,8.04947704507734,6.168253283478386,8.008773244000007e-07,6.689506549627848e-07,2.202e-05,3.12e-06,2.526e-05,0.052320321061596786,-0.013666063616812885
2024-09-13 07:40:00,0.1560082152868604,0.1358514464881122,0.05938718131945454,0.11813889625276164,8.052589522572827,6.1678827188730105,8.008773244000007e-07,6.745138819561935e-07,5.424e-05,1.332e-05,0.00010794,0.055432798557083274,-0.014036628222187986
2024-09-13 07:50:00,0.1561637296709005,0.1358286855201377,0.05920373576217956,0.11782009558836766,8.055542454193606,6.167741781913613,8.008773244000007e-07,6.72170310343127e-07,1.824e-05,2.1e-06,1.7219999999999998e-05,0.05838573017786253,-0.014177565181585194
2024-09-13 08:00:00,0.1563192440549406,0.1358059245521633,0.059194237596185584,0.11727534385653533,8.057691962826823,6.1671779919421965,8.008773244000007e-07,6.755365878044184e-07,3.93e-05,9.18e-06,7.464e-05,0.06053523881107914,-0.014741355153002011
2024-09-13 08:10:00,0.1565006775029872,0.1358059245521633,0.059211988735427344,0.11698521210247026,8.060649223103324,6.166989105086581,8.008773244000007e-07,6.769273913719199e-07,3.276e-05,7.2e-06,5.8439999999999996e-05,0.06349249908758026,-0.014930242008617256
2024-09-13 08:20:00,0.1566821109510337,0.1358059245521633,0.05944298713896902,0.11688738057281471,8.06450642819042,6.1670687291451225,8.008773244000007e-07,6.826440219014448e-07,5.67e-05,1.434e-05,0.00011645999999999999,0.067349704174676,-0.014850617950076028
2024-09-13 08:30:00,0.1568635443990803,0.1358059245521633,0.059195356803262454,0.11703983658134018,8.067155820613346,6.167140057613397,8.008773244000007e-07,6.786826506543214e-07,9.9e-06,6.000000000000001e-08,4.800000000000001e-07,0.06999909659760206,-0.01477928948180196
2024-09-13 08:40:00,0.1569413015911003,0.1358286855201377,0.058978593567836156,0.1165561111942123,8.067681086004585,6.166275720091731,8.008773244000007e-07,6.787286234590879e-07,1.662e-05,3.06e-06,2.4900000000000002e-05,0.07052436198884138,-0.015643627003467664
2024-09-13 08:50:00,0.1570190587831203,0.1358514464881122,0.058774685797714256,0.11589601134544918,8.067998193145835,6.165220864865567,8.008773244000007e-07,6.770345630972083e-07,4.68e-06,0.0,1.2000000000000002e-07,0.07084146913009093,-0.016698482229631217
2024-09-13 09:00:00,0.1570968159751403,0.1358742074560866,0.058583815743203496,0.11506942146787857,8.067621521267752,6.163854420565203,8.008773244000007e-07,6.759283087803797e-07,3.12e-06,0.0,0.0,0.07046479725200783,-0.018064926529995695
2024-09-13 09:10:00,0.157044977847127,0.1358742074560866,0.058897498882528806,0.11455660721068206,8.069541287091669,6.163233330943613,8.008773244000007e-07,6.830178294455529e-07,4.7820000000000006e-05,1.332e-05,0.00010782,0.072384563075925,-0.018686016151585605
2024-09-13 09:20:00,0.1569931397191136,0.1358742074560866,0.0590380977908214,0.11502102817477881,8.072931340178819,6.163666287425749,8.008773244000007e-07,6.842001305142629e-07,3.126e-05,8.28e-06,6.696e-05,0.07577461616307524,-0.018253059669449456
2024-09-13 09:30:00,0.1569413015911003,0.1358742074560866,0.05877319032656562,0.11525990538758546,8.073907052509183,6.163385523832376,8.008773244000007e-07,6.808215037968659e-07,3.06e-06,0.0,2.4000000000000003e-07,0.07675032849343921,-0.018533823262822935
2024-09-13 09:40:00,0.1575374400632536,0.1358969684240611,0.05864422713424602,0.11479039625311496,8.073920583689926,6.162451197596348,8.008773244000007e-07,6.812309089757117e-07,1.2539999999999999e-05,3.06e-06,2.4900000000000002e-05,0.0767638596741822,-0.01946814949885045
2024-09-13 09:50:00,0.158133578535407,0.1359197293920355,0.0584941023123748,0.11436927481103465,8.073905385316404,6.161510758491478,8.008773244000007e-07,6.796258161487919e-07,1.68e-06,0.0,1.2000000000000002e-07,0.07674866130066071,-0.02040858860372019
2024-09-13 10:00:00,0.1587297170075603,0.13594249036001,0.058346292182584414,0.1137300234255991,8.073296210763813,6.160215701835531,8.008773244000007e-07,6.786166317451985e-07,1.14e-06,0.0,0.0,0.07613948674806892,-0.021703645259667503
2024-09-13 10:10:00,0.1604144561679936,0.1495080272727789,0.058693043320806396,0.11338333541662797,8.075062392121668,6.159688068799696,8.008773244000007e-07,6.858185032706722e-07,4.644e-05,1.332e-05,0.00010782,0.07790566810592381,-0.022231278295502754
2024-09-13 10:20:00,0.162099195328427,0.1630735641855478,0.05864261883476675,0.11393418424154826,8.077200024937078,6.159959867492751,8.008773244000007e-07,6.832763372835924e-07,8.4e-06,2.1e-06,1.7219999999999998e-05,0.08004330092133394,-0.021959479602447374
2024-09-13 10:30:00,0.1637839344888603,0.1766391010983166,0.05840777563407048,0.11390190470246894,8.076891540591165,6.15921873784512,8.008773244000007e-07,6.812227029355662e-07,9e-07,0.0,0.0,0.07973481657542081,-0.02270060925007833
2024-09-13 10:40:00,0.1659352168014136,0.1784827395042466,0.058470875402302926,0.11346801044828973,8.077325720660175,6.158390260326668,8.008773244000007e-07,6.839029481234512e-07,2.172e-05,6.12e-06,4.9739999999999995e-05,0.08016899664443145,-0.023529086768530938
2024-09-13 10:50:00,0.168086499113967,0.1803263779101766,0.05845854712973318,0.11348692290936344,8.07831551696287,6.158042681688155,8.008773244000007e-07,6.835356641934745e-07,1.128e-05,3.12e-06,2.514e-05,0.08115879294712691,-0.023876665407043696
2024-09-13 11:00:00,0.1702377814265203,0.1821700163161066,0.05829773562085835,0.11334607734062521,8.078173262556462,6.157260915565729,8.008773244000007e-07,6.816848845085032e-07,6.000000000000001e-07,0.0,1.2000000000000002e-07,0.08101653854071778,-0.02465843152946956
2024-09-13 11:10:00,0.1706006483226136,0.1825797137396466,0.05862046881216857,0.11307895562864463,8.079874081571752,6.156775060396595,8.008773244000007e-07,6.887075434223877e-07,4.608e-05,1.332e-05,0.00010782,0.08271735755600851,-0.02514428669860358
2024-09-13 11:20:00,0.170963515218707,0.1829894111631866,0.05895467573505556,0.11373383702688569,8.083981696941299,6.157497535140893,8.008773244000007e-07,6.928279724973593e-07,4.644e-05,1.338e-05,0.00010836,0.08682497292555524,-0.024421811954305817
2024-09-13 11:30:00,0.1713263821148003,0.1833991085867266,0.05915443618531328,0.11457315948194287,8.088046809055719,6.158363945397685,8.008773244000007e-07,6.961025648212391e-07,4.668e-05,1.338e-05,0.00010836,0.09089008503997498,-0.023555401697513467
2024-09-13 11:40:00,0.1717410871389069,0.1833763476187522,0.059567135355421984,0.11536640555798486,8.093409240667688,6.159472170087941,8.008773244000007e-07,7.034660016309401e-07,7.157999999999999e-05,2.052e-05,0.00016638,0.09625251665194412,-0.0224471770072574
2024-09-13 11:50:00,0.1721557921630136,0.1833535866507777,0.0605091429742052,0.11653342174692038,8.102898243229587,6.161656879207389,8.008773244000007e-07,7.181414068994025e-07,0.0001254,3.588e-05,0.00029106,0.10574151921384356,-0.020262467887809166
2024-09-13 12:00:00,0.1725704971871203,0.1833308256828033,0.06128162578108008,0.11834255787057342,8.11493076766558,6.164884803618582,8.008773244000007e-07,7.276179140823913e-07,0.0001215,3.2880000000000004e-05,0.00026682,0.11777404364983646,-0.01703454347661637
2024-09-13 12:10:00,0.172907445019207,0.1832397818109055,0.062490682855129286,0.120190041557275,8.129745746826801,6.168459982901612,8.008773244000007e-07,7.458299279605422e-07,0.00017994,4.512e-05,0.00036618,0.13258902281105733,-0.01345936419358651
2024-09-13 12:20:00,0.1732443928512936,0.1831487379390078,0.06398173012985506,0.12226778040546944,8.149248341319117,6.173844222404176,8.008773244000007e-07,7.643855723214012e-07,0.00021125999999999998,8.634e-05,0.00025878,0.15209161730337328,-0.008075124691022673
2024-09-13 12:30:00,0.1735813406833803,0.18305769406711,0.06537812491839283,0.12520135667575388,8.170959014601094,6.1849336768692424,8.008773244000007e-07,7.811703476297887e-07,0.00022452,0.00029358,0.00034962000000000003,0.1738022905853498,0.0030143297740439223
2024-09-13 12:40:00,0.1740219647714936,0.1833991085867266,0.06706155049098933,0.12927330917581167,8.195334771559756,6.204572154094719,8.008773244000007e-07,8.018377619750712e-07,0.00026328,0.00023754,0.00029196,0.1981780475440118,0.022652806999520436
2024-09-13 12:50:00,0.174462588859607,0.1837405231063433,0.0679194869417349,0.13374815563944126,8.218895215243265,6.226657255905652,8.008773244000007e-07,8.106629157321655e-07,0.00021209999999999998,0.00026226,0.00031656,0.2217384912275211,0.04473790881045314
2024-09-13 13:00:00,0.1749032129477203,0.18408193762596,0.06848658252172383,0.13807238904113142,8.239374117741697,6.248709131627487,8.008773244000007e-07,8.215632272492225e-07,0.00020784,0.0001656,0.00021714,0.2422173937259533,0.0667897845322889
2024-09-13 13:10:00,0.1753438370358336,0.1843550692416533,0.06838030952906834,0.1422261594185364,8.256507930413559,6.266798895082174,8.008773244000007e-07,8.241851687900924e-07,0.00014958,0.00016638,0.00021666,0.25935120639781495,0.08487954798697572
2024-09-13 13:20:00,0.175784461123947,0.1846282008573466,0.06830499906251118,0.14599908352394533,8.270529552910855,6.2833417205032855,8.008773244000007e-07,8.311058606953476e-07,0.0001485,0.00015150000000000002,0.00020016,0.27337282889511094,0.10142237340808702
2024-09-13 13:30:00,0.1762250852120603,0.18490133247304,0.06763478649794649,0.14938294835904764,8.281147720604698,6.295680673113779,8.008773244000007e-07,8.289928218832193e-07,8.447999999999999e-05,1.4520000000000002e-05,5.898e-05,0.28399099658895466,0.11376132601858036
2024-09-13 13:40:00,0.176639790236167,0.1859028150639155,0.06733005851687603,0.15233660674685873,8.289466456168405,6.3037416229919705,8.008773244000007e-07,8.348620733838685e-07,0.00010313999999999999,0.0001371,0.0001827,0.29230973215266154,0.12182227589677197
2024-09-13 13:50:00,0.1770544952602736,0.1869042976547911,0.06734247759530555,0.15462459927431282,8.298993729433185,6.315494684318137,8.008773244000007e-07,8.405355695908112e-07,0.00010475999999999999,0.00011478,0.00015846,0.3018370054174415,0.1335753372229389
2024-09-13 14:00:00,0.1774692002843803,0.1879057802456666,0.06688382026895104,0.15652612280884678,8.306511682522114,6.32474507045091,8.008773244000007e-07,8.398951486293389e-07,6.576000000000001e-05,1.878e-05,5.886e-05,0.3093549585063702,0.14282572335571153
2024-09-13 14:10:00,0.179205777572827,0.1903639647869066,0.06693428112026688,0.15826717087799125,8.313915067335692,6.331817552238854,8.008773244000007e-07,8.478396177676614e-07,0.00010115999999999999,0.00014148,0.0001827,0.31675834331994857,0.14989820514365526
2024-09-13 14:20:00,0.1809423548612736,0.1928221493281466,0.06718423918962112,0.15969546784536964,8.323418674603257,6.343234465061295,8.008773244000007e-07,8.541251315329162e-07,0.00010428000000000001,0.00011928000000000001,0.00015846,0.3262619505875133,0.16131511796609654
2024-09-13 14:30:00,0.1826789321497203,0.1952803338693866,0.06687928685424668,0.16100878292603577,8.331040046152847,6.352462978654295,8.008773244000007e-07,8.539386495167009e-07,6.72e-05,2.3279999999999997e-05,5.886e-05,0.3338833221371029,0.1705436315590969
2024-09-13 14:40:00,0.1873702827349271,0.1993317861688378,0.06703291311950427,0.16235194067935768,8.33861893571598,6.359674026337012,8.008773244000007e-07,8.620790026631231e-07,0.00010254,0.00014622,0.0001827,0.34146221170023594,0.1777546792418132
2024-09-13 14:50:00,0.1920616333201339,0.2033832384682889,0.0671049979921857,0.1635206608831102,8.347232930858233,6.3702536893306485,8.008773244000007e-07,8.654624951669333e-07,8.628000000000001e-05,7.541999999999999e-05,0.00010872,0.3500762068424894,0.18833434223544998
2024-09-13 15:00:00,0.1967529839053406,0.20743469076774,0.06701244978730111,0.16462270974241605,8.354607701709174,6.378398861337422,8.008773244000007e-07,8.686767947569665e-07,8.004e-05,7.680000000000001e-05,0.00010836,0.35745097769343026,0.1964795142422231
2024-09-13 15:10:00,0.2020145538986938,0.21276075727376,0.06735058183151692,0.1657066991114993,8.363259694000705,6.387777322079475,8.008773244000007e-07,8.771425809347852e-07,0.00010938000000000001,0.00015156000000000002,0.00018293999999999998,0.3661029699849614,0.20585797498427638
2024-09-13 15:20:00,0.2072761238920471,0.21808682377978,0.06802169942490707,0.16672335405197536,8.3747471064192,6.40139272423741,8.008773244000007e-07,8.870923963806871e-07,0.00013326,0.00016986,0.00019986,0.3775903824034561,0.2194733771422115
2024-09-13 15:30:00,0.2125376938854003,0.2234128902858,0.06862271693286047,0.16788330408398885,8.387622980508539,6.416126806162198,8.008773244000007e-07,8.952458351487461e-07,0.00013704,0.00013938,0.00016691999999999998,0.390466256492795,0.23420745906699914
2024-09-13 15:40:00,0.2134448611256336,0.2269636012898133,0.06957308669632821,0.16936363232641957,8.402546925579365,6.432222079038448,8.008773244000007e-07,9.079989547545707e-07,0.00017244,0.00023844,0.00026616,0.4053902015636215,0.2503027319432496
2024-09-13 15:50:00,0.214352028365867,0.2305143122938266,0.07128042631081355,0.1711424032830072,8.422491254890424,6.454542287668951,8.008773244000007e-07,9.264635930018723e-07,0.00023112,0.00026514,0.00029153999999999996,0.42533453087468054,0.27262294057375236
2024-09-13 16:00:00,0.2152591956061003,0.2340650232978399,0.07297712127697398,0.17349871889758012,8.446073789724945,6.480044840666318,8.008773244000007e-07,9.41117068947359e-07,0.00024534000000000003,0.00026706,0.00029166,0.4489170657092014,0.2981254935711197
2024-09-13 16:10:00,0.2123562604373536,0.2351575497606133,0.0741820960544068,0.17671945668845834,8.46953892527185,6.505421319905056,8.008773244000007e-07,9.51958467855784e-07,0.00022968,0.00024461999999999997,0.00026682,0.4723822012561065,0.3235019728098578
2024-09-13 16:20:00,0.209453325268607,0.2362500762233866,0.07497319093492719,0.18071247397696494,8.491449456532596,6.530943507778528,8.008773244000007e-07,9.611269995755654e-07,0.00021804,0.00024636,0.00026664,0.49429273251685224,0.34902416068332975
2024-09-13 16:30:00,0.2065503900998603,0.23734260268616,0.07594637432055472,0.18512354883384766,8.513411141296196,6.558720528994094,8.008773244000007e-07,9.728889274841797e-07,0.00025674,0.00032136,0.00034127999999999996,0.516254417280452,0.37680118189889544
2024-09-13 16:40:00,0.2076649098521471,0.2382985633410866,0.07694846845951978,0.18986763460476658,8.536108560946484,6.5905835707057925,8.008773244000007e-07,9.83549764807554e-07,0.00032154000000000004,0.00033180000000000004,0.00034998,0.5389518369307407,0.40866422361059396
2024-09-13 16:50:00,0.2087794296044338,0.2392545239960133,0.07781647646347786,0.1954973892097286,8.558585042735189,6.626214943958128,8.008773244000007e-07,9.935316408887138e-07,0.00029862,0.00038250000000000003,0.00039972,0.5614283187194449,0.4442955968629292
2024-09-13 17:00:00,0.2098939493567206,0.24021048465094,0.07856485412601731,0.20217534923049577,8.580552718636692,6.668562941175839,8.008773244000007e-07,1.0030423766488094e-06,0.00043584,0.0004578,0.00047460000000000004,0.5833959946209486,0.4866435940806406
2024-09-13 17:10:00,0.2100235446767539,0.2415306207934577,0.07929930238179157,0.21047234476112048,8.602923454317525,6.715038068918647,8.008773244000007e-07,1.0127221704347994e-06,0.00036204,0.00043572,0.00045012000000000003,0.6057667303017809,0.5331187218234481
2024-09-13 17:20:00,0.2101531399967871,0.2428507569359755,0.080155947023271,0.21981291920951035,8.641444320592573,6.759024156582731,8.008773244000007e-07,1.0226183462952668e-06,0.00042192,0.0003873,0.00040026000000000005,0.6442875965768291,0.5771048094875324
2024-09-13 17:30:00,0.2102827353168203,0.2441708930784933,0.08088307384493312,0.22851901093177446,8.67941361973898,6.800573092236306,8.008773244000007e-07,1.0317423873444541e-06,0.0002661,0.00038711999999999997,0.00040002,0.6822568957232367,0.6186537451411072
2024-09-13 17:40:00,0.2110343881730136,0.2446943953419055,0.08156013853170307,0.2351235008784532,8.707138691310364,6.841248446982849,8.008773244000007e-07,1.04081733802469e-06,0.00045072,0.00038711999999999997,0.00040002,0.7099819672946204,0.6593290998876506
2024-09-13 17:50:00,0.2117860410292069,0.2452178976053177,0.08239668393596407,0.24038729472171178,8.726829098241879,6.881338121894978,8.008773244000007e-07,1.0503911095505521e-06,0.00024335999999999997,0.00038718,0.00040002,0.7296723742261353,0.6994187747997795
2024-09-13 18:00:00,0.2125376938854003,0.2457413998687299,0.08313168957869277,0.24485524214494458,8.748079943435286,6.919525121913174,8.008773244000007e-07,1.0592845872758092e-06,0.00043806,0.0003384,0.00035022,0.7509232194195423,0.7376057748179754
2024-09-13 18:10:00,0.212719127333447,0.2460600534203722,0.08377521176029498,0.2483036579330352,8.77322544788222,6.951070759958165,8.008773244000007e-07,1.0679535686324915e-06,0.00014988,0.00022458,0.00023394,0.7760687238664765,0.7691514128629668
2024-09-13 18:20:00,0.2129005607814936,0.2463787069720144,0.08441766974619655,0.2498760068445934,8.792616942446555,6.973913660881647,8.008773244000007e-07,1.0766026219678875e-06,0.00017844,0.00017532,0.00018360000000000002,0.7954602184308115,0.7919943137864482
2024-09-13 18:30:00,0.2130819942295403,0.2466973605236566,0.08504146835965778,0.2495621765387556,8.812038687273402,6.992407402849282,8.008773244000007e-07,1.0850951459006299e-06,0.00015486000000000002,0.00017514,0.00018335999999999998,0.8148819632576583,0.8104880557540834
2024-09-13 18:40:00,0.213729970829707,0.2504984421753888,0.08561229968986592,0.24837999962847718,8.831574579971283,7.0145956566869625,8.008773244000007e-07,1.0933274144927935e-06,0.00022824,0.00033768000000000003,0.00034914,0.8344178559555395,0.832676309591764
2024-09-13 18:50:00,0.2143779474298736,0.2542995238271211,0.08612183450008284,0.24786731100578016,8.853988170591728,7.045718065620571,8.008773244000007e-07,1.1013542578821509e-06,0.00036666,0.0003468,0.00035838,0.8568314465759848,0.8637987185253726
2024-09-13 19:00:00,0.2150259240300403,0.2581006054788533,0.08670309719358218,0.24933169677650935,8.880443996203553,7.075647778462657,8.008773244000007e-07,1.109514871573557e-06,0.00020784,0.00023298,0.00024216,0.8832872721878093,0.8937284313674585
2024-09-13 19:10:00,0.215673900630207,0.2624479503619722,0.0873049367123985,0.25127052546877743,8.909279849386163,7.102016124114039,8.008773244000007e-07,1.1175414206971924e-06,0.00023838,0.00029754,0.00030804000000000004,0.9121231253704192,0.9200967770188404
2024-09-13 19:20:00,0.2163218772303736,0.2667952952450911,0.08784311151563524,0.25257407555094086,8.938128816003033,7.1294936972853415,8.008773244000007e-07,1.1253580925845462e-06,0.0002676,0.00024912000000000003,0.0002586,0.9409720919872893,0.947574350190143
2024-09-13 19:30:00,0.2169698538305403,0.27114264012821,0.08834122882614345,0.2537789038763034,8.966569677643701,7.154606716532278,8.008773244000007e-07,1.1330360666604978e-06,0.00019926,0.00024881999999999997,0.00025836,0.9694129536279572,0.9726873694370797
2024-09-13 19:40:00,0.2169957728945471,0.2710515962563122,0.0888085758051908,0.2546079229934851,8.99026266219522,7.178041008376449,8.008773244000007e-07,1.1405840517390292e-06,0.00021582,0.00020814,0.00021684,0.9931059381794771,0.9961216612812507
2024-09-13 19:50:00,0.2170216919585539,0.2709605523844144,0.08924957261395187,0.25505901288851796,9.012238532691624,7.203462690765591,8.008773244000007e-07,1.1480105123484192e-06,0.00024066000000000002,0.00035418,0.00036587999999999996,1.0150818086758804,1.021543343670393
2024-09-13 20:00:00,0.2170476110225606,0.2708695085125167,0.08967119151127863,0.25581699154476367,9.037376037310676,7.232077002201483,8.008773244000007e-07,1.1553288977615812e-06,0.00032844000000000005,0.00020873999999999998,0.00021744,1.0402193132949318,1.0501576551062843
2024-09-13 20:10:00,0.2172808825986205,0.2712792059360567,0.09007945694286006,0.257199176033436,9.066647798879167,7.257747014023109,8.008773244000007e-07,1.1625493841927884e-06,0.00018234000000000002,0.00032988,0.00034104000000000003,1.0694910748634232,1.0758276669279105
2024-09-13 20:20:00,0.2175141541746804,0.2716889033595966,0.09047862630755799,0.25839040115636974,9.089098778466072,7.2854136367560365,8.008773244000007e-07,1.1696833593412402e-06,0.00026058,0.00020862000000000002,0.00021732,1.0919420544503282,1.103494289660838
2024-09-13 20:30:00,0.2177474257507403,0.2720986007831367,0.09090511323532763,0.25963202306124283,9.11052117323432,7.307996312279587,8.008773244000007e-07,1.1768178297409909e-06,0.00016769999999999998,0.00023238,0.00024156,1.113364449218576,1.1260769651843887
2024-09-13 20:40:00,0.2180584545188205,0.2724400153027533,0.09139330710205881,0.26013350257009876,9.12867934238007,7.338103414055897,8.008773244000007e-07,1.1839911351440453e-06,0.0003165,0.00046805999999999996,0.0004821,1.1315226183643254,1.1561840669606989
2024-09-13 20:50:00,0.2183694832869007,0.27278142982237,0.09194466926377644,0.2619668506132514,9.15708441545514,7.382501382666228,8.008773244000007e-07,1.1912007075276544e-06,0.00065136,0.00049368,0.0005082,1.1599276914393961,1.2005820355710295
2024-09-13 21:00:00,0.2186805120549809,0.2731228443419867,0.09252645986510791,0.26711653668389146,9.18930699642111,7.433009136242353,8.008773244000007e-07,1.1983538616808125e-06,0.0002655,0.00054252,0.00055806,1.1921502724053656,1.2510897891471542
2024-09-13 21:10:00,0.2187064311189875,0.2743519366126067,0.09310153302296785,0.27420828828188526,9.223026566179032,7.494448385894506,8.008773244000007e-07,1.2054748268095448e-06,0.0008481599999999999,0.00073782,0.00075732,1.2258698421632879,1.3125290387993074
2024-09-13 21:20:00,0.218732350182994,0.2755810288832266,0.0939363295028771,0.28419985919673046,9.295351230301339,7.576717579535883,8.008773244000007e-07,1.212826810459672e-06,0.00054294,0.00096624,0.00099036,1.2981945062855953,1.3947982324406842
2024-09-13 21:30:00,0.2187582692470006,0.2768101211538467,0.09485109471008715,0.29847870805200205,9.413900980728526,7.678710769019625,8.008773244000007e-07,1.220190064498389e-06,0.00211956,0.0010733399999999999,0.00109962,1.4167442567127821,1.496791421924426
2024-09-13 21:40:00,0.2191211361430941,0.2772653405133355,0.09624993712949176,0.3129722117401246,9.530261038385115,7.782331022416089,8.008773244000007e-07,1.2281357798838575e-06,0.00039546,0.00091122,0.0009341400000000001,1.5331043143693712,1.6004116753208901
2024-09-13 21:50:00,0.2194840030391875,0.2777205598728244,0.09814524692317941,0.32157695389729296,9.61469704726533,7.867590360241176,8.008773244000007e-07,1.23611311200291e-06,0.00029718,0.00068316,0.00070134,1.617540323249587,1.6856710131459778
2024-09-13 22:00:00,0.219846869935281,0.2781757792323133,0.09996914973399829,0.32446238693982277,9.621694427274818,7.936765568880275,8.008773244000007e-07,1.2439384377874512e-06,0.00029778,0.0006492,0.00066666,1.6245377032590742,1.7548462217850762
2024-09-13 22:10:00,0.2203911702794208,0.2762410969544855,0.10198348679886407,0.3251749441899326,9.67789050596825,7.995117621189236,8.008773244000007e-07,1.2519862112848162e-06,0.0008355600000000001,0.00044609999999999995,0.00045936,1.6807337819525063,1.813198274094037
2024-09-13 22:20:00,0.2209354706235607,0.2743064146766578,0.1037841272157,0.3244164307435815,9.774768556584013,8.055892844545205,8.008773244000007e-07,1.2597493507066606e-06,0.00037878,0.00086748,0.00088932,1.7776118325682688,1.8739734974500069
2024-09-13 22:30:00,0.2214797709677006,0.27237173239883,0.10517637969644349,0.3268341847624467,9.835493323632821,8.132836547472232,8.008773244000007e-07,1.2672584794294639e-06,0.00071322,0.0006831,0.0007011,1.8383365996170777,1.9509172003770336
2024-09-13 22:40:00,0.2219463141198205,0.2734414978936289,0.10736811872085202,0.32961950895056147,9.864620635386077,8.197559079961128,8.008773244000007e-07,1.2749928737524047e-06,0.00036114000000000003,0.00056832,0.00058392,1.8674639113703329,2.015639732865929
2024-09-13 22:50:00,0.2224128572719404,0.2745112633884278,0.10937986290355266,0.330331881982637,9.902258500315995,8.254121501363587,8.008773244000007e-07,1.282637704464013e-06,0.00103308,0.00054342,0.00055848,1.905101776300251,2.072202154268388
2024-09-13 23:00:00,0.2228794004240603,0.2755810288832267,0.11085865013134774,0.33022900966248026,9.970249022536587,8.307544441266057,8.008773244000007e-07,1.2900999693859208e-06,0.0002265,0.000519,0.00053346,1.973092298520843,2.125625094170858
2024-09-13 23:10:00,0.2223869382079338,0.2752623753315845,0.11336144201227005,0.3302939483757772,10.019534937449194,8.37021066989962,8.008773244000007e-07,1.2978005985884716e-06,0.00037806,0.00083568,0.00085668,2.0223782134334503,2.188291322804422
2024-09-13 23:20:00,0.2218944759918074,0.2749437217799422,0.1160594774540431,0.33331641080165747,10.140668232283623,8.45165824296985,8.008773244000007e-07,1.3054810782502248e-06,0.00189108,0.00086184,0.0008834400000000001,2.1435115082678795,2.269738895874652
2024-09-13 23:30:00,0.221402013775681,0.2746250682283,0.11785202097170148,0.3375140305851134,10.270179499021168,8.525153294611064,8.008773244000007e-07,1.312928878056774e-06,0.00023705999999999998,0.00054474,0.00055992,2.2730227750054244,2.3432339475158654
2024-09-13 23:40:00,0.2215834472237275,0.2741243269328622,0.12091740311329838,0.3386620650992395,10.295495952756943,8.583997863258078,8.008773244000007e-07,1.3203941303848727e-06,0.00027144,0.00062424,0.0006410400000000001,2.298339228741199,2.40207851616288
2024-09-13 23:50:00,0.2217648806717741,0.2736235856374244,0.12494186924755153,0.33894045373605125,10.291678936079323,8.641137779654493,8.008773244000007e-07,1.3279722647628305e-06,0.00021678,0.00049494,0.00050916,2.2945222120635798,2.459218432559294
2024-09-14 00:00:00,0.2219463141198206,0.2731228443419867,0.1273245719259287,0.338540206544547,10.318629158929394,8.690838908418622,8.008773244000007e-07,1.3353923718750523e-06,0.00023514,0.00048576,0.00049986,2.32147243491365,2.508919561323423
2024-09-14 00:10:00,0.2221536666318739,0.2724627762707278,0.12907578872044018,0.3378694705045435,10.352102503271125,8.7419887920523,8.008773244000007e-07,1.342664822354867e-06,0.00057138,0.00056712,0.0005828999999999999,2.354945779255381,2.5600694449571018
2024-09-14 00:20:00,0.2223610191439271,0.2718027081994689,0.13053449921859817,0.33784673032754997,10.395890194338767,8.79324791898405,8.008773244000007e-07,1.349811520330694e-06,0.00033942,0.00044556,0.00045893999999999997,2.398733470323023,2.611328571888852
2024-09-14 00:30:00,0.2225683716559803,0.27114264012821,0.13244773453136843,0.33744459148553096,10.434366185913325,8.838107079999626,8.008773244000007e-07,1.356892375850934e-06,0.0005151,0.0004449,0.00045834,2.437209461897581,2.656187732904427
2024-09-14 00:40:00,0.2226461288480003,0.2687982604268422,0.13722975729313455,0.33691006304138715,10.519012545138828,8.889147454599188,8.008773244000007e-07,1.364196447742975e-06,0.00035346,0.000648,0.0006656399999999999,2.5218558211230846,2.7072281075039895
2024-09-14 00:50:00,0.2227238860400203,0.2664538807254744,0.14007807208338607,0.3379930263112004,10.616569420197164,8.950604338686839,8.008773244000007e-07,1.3715311218631715e-06,0.00165234,0.0006246,0.00064182,2.6194126961814206,2.7686849915916403
2024-09-14 01:00:00,0.2228016432320403,0.2641095010241066,0.14189466986528476,0.3399250832745594,10.728265692220873,9.015335110085784,8.008773244000007e-07,1.3787591724039027e-06,0.0003138,0.00072186,0.00074118,2.7311089682051293,2.833415762990586
2024-09-14 01:10:00,0.222827562296047,0.2626300381057677,0.1433404191945294,0.34224977329256456,10.779809224472661,9.080228120888496,8.008773244000007e-07,1.385891457664175e-06,0.00024738,0.00056784,0.0005841,2.7826525004569174,2.898308773793297
2024-09-14 01:20:00,0.2228534813600536,0.2611505751874289,0.1445747455683079,0.3433389614415113,10.812291812822137,9.132344409790042,8.008773244000007e-07,1.3929339262876753e-06,0.00018978,0.00042894,0.00044244,2.815135088806393,2.950425062694843
2024-09-14 01:30:00,0.2228794004240603,0.25967111226909,0.1456534332640494,0.342790835381545,10.835748036596065,9.174712825980547,8.008773244000007e-07,1.399889589728627e-06,0.00020154,0.00038742000000000003,0.00040014,2.8385913125803217,2.992793478885349
2024-09-14 01:40:00,0.2231126720001203,0.2603311803403489,0.14660551466055025,0.3415695907129993,10.861316520010979,9.214626737361513,8.008773244000007e-07,1.4067616189969818e-06,0.00039774000000000005,0.00041154,0.00042486000000000005,2.864159795995235,3.0327073902663146
2024-09-14 01:50:00,0.2233459435761803,0.2609912484116077,0.14746681626639335,0.34049059350896516,10.894376574727438,9.254760562959945,8.008773244000007e-07,1.4135523155576368e-06,0.00032472,0.00039539999999999996,0.00040848,2.8972198507116946,3.072841215864746
2024-09-14 02:00:00,0.2235792151522403,0.2616513164828666,0.1482618420069715,0.3395959931685478,10.927931355670827,9.294194173991155,8.008773244000007e-07,1.4202654576152948e-06,0.00040302,0.0004032,0.00041652,2.9307746316550833,3.1122748268959564
2024-09-14 02:10:00,0.2236310532802536,0.2609912484116077,0.14900948657417323,0.3388353307883472,10.96252127684332,9.33173263287105,8.008773244000007e-07,1.4269027560408652e-06,0.00028212,0.00033834,0.00035034000000000004,2.9653645528275767,3.149813285775852
2024-09-14 02:20:00,0.223682891408267,0.2603311803403489,0.14970830434081497,0.3378646716031692,10.993174974700986,9.366720432886078,8.008773244000007e-07,1.433468223611411e-06,0.00034098,0.00037062,0.00038328,2.9960182506852426,3.1848010857908795
2024-09-14 02:30:00,0.2237347295362803,0.25967111226909,0.15053617095388633,0.3368671195968463,11.023217920349502,9.397744764989865,8.008773244000007e-07,1.439972832593191e-06,0.00025374,0.00020808,0.00021744,3.0260611963337585,3.215825417894666
2024-09-14 02:40:00,0.2243049489444271,0.26294869165741,0.1518181794190277,0.3351407236515784,11.045946471819473,9.419669016771172,8.008773244000007e-07,1.446451087161886e-06,0.00015642,0.00019920000000000002,0.00020838,3.0487897478037294,3.2377496696759733
2024-09-14 02:50:00,0.2248751683525739,0.26622627104573,0.15635180988106484,0.33282890254924674,11.035184278037603,9.439122026983704,8.008773244000007e-07,1.4530831473977418e-06,0.00016992,0.00017478,0.00018348,3.038027554021859,3.257202679888505
2024-09-14 03:00:00,0.2254453877607206,0.26950385043405,0.16129880138578534,0.3304209574599842,11.023298852129422,9.458221267877665,8.008773244000007e-07,1.4599289836635866e-06,0.0001773,0.00022344000000000002,0.0002331,3.026142128113678,3.2763019207824664
2024-09-14 03:10:00,0.2252380352486673,0.2722806885269322,0.16355103782162445,0.3282922542383366,11.04420062425214,9.479003860080127,8.008773244000007e-07,1.4667710935289502e-06,0.00019920000000000002,0.00020736000000000002,0.00021672,3.047043900236396,3.297084512984928
2024-09-14 03:20:00,0.225030682736614,0.2750575266198145,0.16515521335089345,0.32650150082261375,11.065861055080346,9.499840883376908,8.008773244000007e-07,1.4735991864097206e-06,0.00019374,0.00023166,0.00024156,3.068704331064602,3.31792153628171
2024-09-14 03:30:00,0.2248233302245606,0.2778343647126967,0.1664428947392118,0.3249794405806082,11.08723014619305,9.521135394858733,8.008773244000007e-07,1.480379321313492e-06,0.00020286,0.0002073,0.00021678,3.0900734221773067,3.339216047763535
2024-09-14 03:40:00,0.2250047636726073,0.2779936914885177,0.16753129813985207,0.3236185546316397,11.108251449498608,9.541004725745834,8.008773244000007e-07,1.4871074795105816e-06,0.00017832,0.00019902,0.00020838,3.1110947254828645,3.3590853786506356
2024-09-14 03:50:00,0.225186197120654,0.2781530182643389,0.16847414797030544,0.32225224499053073,11.128079373891637,9.559984199881084,8.008773244000007e-07,1.4937941918132952e-06,0.00017598,0.00019056,0.00019974,3.1309226498758935,3.3780648527858856
2024-09-14 04:00:00,0.2253676305687006,0.27831234504016,0.1692914932379244,0.3208873206289763,11.147780228744482,9.57885880865247,8.008773244000007e-07,1.5004267112262729e-06,0.00017844,0.0002073,0.00021690000000000001,3.1506235047287383,3.3969394615572712
2024-09-14 04:10:00,0.2254713068247272,0.2772425795453611,0.16998706373158667,0.31959805071409214,11.167052404818007,9.594464069009549,8.008773244000007e-07,1.5069916993022698e-06,0.00012869999999999998,6.894e-05,7.572e-05,3.169895680802263,3.41254472191435
2024-09-14 04:20:00,0.2255749830807537,0.2761728140505622,0.1705204475915519,0.3179546961217464,11.185147641720299,9.60620920140903,8.008773244000007e-07,1.5135043563613044e-06,0.00012528,0.0001899,0.00019914,3.187990917704555,3.424289854313831
2024-09-14 04:30:00,0.2256786593367803,0.2751030485557633,0.17073209833951636,0.3161361174296563,11.205806398911184,9.626045340529373,8.008773244000007e-07,1.5199570438875802e-06,0.00020172,0.00028872,0.00029994,3.2086496748954403,3.4441259934341746
2024-09-14 04:40:00,0.2254972258887337,0.27421537080476,0.17003645446759308,0.3152181512825131,11.232293708562572,9.65257993303082,8.008773244000007e-07,1.526331301326341e-06,0.0002934,0.00030485999999999995,0.00031644,3.2351369845468287,3.4706605859356214
2024-09-14 04:50:00,0.2253157924406872,0.2733276930537567,0.16735874851762464,0.31543155238681303,11.262646874422224,9.685074741941857,8.008773244000007e-07,1.5325752476663577e-06,0.00031098,0.00042666,0.00044082,3.26549015040648,3.503155394846659
2024-09-14 05:00:00,0.2251343589926406,0.2724400153027533,0.16558236013675795,0.31705113396411744,11.297421454041414,9.734811697769127,8.008773244000007e-07,1.5386356603890013e-06,0.0006336,0.0007183199999999999,0.0007404,3.3002647300256704,3.552892350673928
2024-09-14 05:10:00,0.2257304974647941,0.2745112633884278,0.16478461233089065,0.32171778493595793,11.347451883248466,9.791532551277422,8.008773244000007e-07,1.5445507807645467e-06,0.00054336,0.00038448,0.0004017,3.350295159232722,3.6096132041822235
2024-09-14 05:20:00,0.2263266359369475,0.2765825114741022,0.16433833398645833,0.32567956811026944,11.390943300004231,9.832319448013115,8.008773244000007e-07,1.5503526997368446e-06,0.0002049,0.00039707999999999996,0.00041652,3.3937865759884875,3.650400100917916
2024-09-14 05:30:00,0.226922774409101,0.2786537595597766,0.1640913783249423,0.3274909685030039,11.425542208211537,9.878100956041743,8.008773244000007e-07,1.5560590390234776e-06,0.0004686,0.00058224,0.00060744,3.4283854841957933,3.696181608946545
2024-09-14 05:40:00,0.2268709362810874,0.2782440621362366,0.16403888291220164,0.32999041828969167,11.473826430640411,9.930691632755817,8.008773244000007e-07,1.5616827715742742e-06,0.0006489,0.00048372,0.00050886,3.4766697066246675,3.7487722856606185
2024-09-14 05:50:00,0.2268190981530739,0.2778343647126967,0.16433398497534651,0.33239009483619847,11.522505583017045,9.976896481910538,8.008773244000007e-07,1.5672362065869776e-06,0.00021756,0.00042456,0.00045048,3.5253488590013013,3.7949771348153396
2024-09-14 06:00:00,0.2267672600250603,0.2774246672891566,0.16529695309018783,0.3334686374331555,11.55262210501144,10.010270963144473,8.008773244000007e-07,1.5727369548983178e-06,0.00030737999999999995,0.0001458,0.00016794,3.555465380995697,3.8283516160492743
2024-09-14 06:10:00,0.2272078841131737,0.2812029879729144,0.16815657964908928,0.33239708800553086,11.567339083989115,10.03418896296984,8.008773244000007e-07,1.5782249337846461e-06,0.00018258,0.0003459,0.00037398,3.570182359973371,3.852269615874641
2024-09-14 06:20:00,0.227648508201287,0.2849813086566722,0.1708868932773498,0.3312053718201327,11.578376430508342,10.0670624007052,8.008773244000007e-07,1.5837585374301801e-06,0.00029832,0.00035328,0.00038340000000000005,3.5812197064925986,3.885143053610002
2024-09-14 06:30:00,0.2280891322894003,0.28875962934043,0.1723939883077334,0.33084326729700464,11.603311712843437,10.095200424599446,8.008773244000007e-07,1.5893021472625965e-06,0.00026106,0.00016434,0.00019254000000000002,3.6061549888276936,3.913281077504247
2024-09-14 06:40:00,0.2278040225853271,0.2859372693115988,0.1733745193078266,0.32975921384190576,11.62740119770113,10.11388249873355,8.008773244000007e-07,1.594857499987474e-06,0.00013398,0.00018623999999999998,0.00021654,3.6302444736853854,3.931963151638352
2024-09-14 06:50:00,0.2275189128812539,0.2831149092827678,0.1740310831947119,0.3280778820881673,11.648442125624044,10.138019249171295,8.008773244000007e-07,1.6003845317590689e-06,0.0002418,0.00037146,0.00040728,3.6512854016083,3.9560999020760965
2024-09-14 07:00:00,0.2272338031771806,0.2802925492539366,0.1743929826020621,0.3274693681724259,11.678698192186715,10.176606822485502,8.008773244000007e-07,1.6058910710534553e-06,0.00047418,0.00050898,0.0005493599999999999,3.6815414681709715,3.994687475390303
2024-09-14 07:10:00,0.2271560459851606,0.2775157111610544,0.17437407646253422,0.32885328975863604,11.718907292841406,10.218519397202753,8.008773244000007e-07,1.61136841653201e-06,0.00035436,0.00032922,0.00036755999999999996,3.7217505688256622,4.0366000501075545
2024-09-14 07:20:00,0.2270782887931407,0.2747388730681722,0.17393063651497837,0.3302294565373591,11.755037457796556,10.256003319791184,8.008773244000007e-07,1.6168016649038011e-06,0.00030714,0.00045654,0.00049914,3.757880733780812,4.074083972695985
2024-09-14 07:30:00,0.2270005316011207,0.27196203497529,0.1732195860268629,0.33161307075699853,11.796309627316695,10.304055391479556,8.008773244000007e-07,1.6221726086652305e-06,0.0006536399999999999,0.0005859600000000001,0.00063282,3.7991529033009517,4.122136044384358
2024-09-14 07:40:00,0.2269486934731072,0.2705736159288489,0.17276024808744092,0.33412588887747396,11.843713874184434,10.352493010880965,8.008773244000007e-07,1.6274747958247543e-06,0.00024474,0.00035747999999999997,0.00040116,3.8465571501686906,4.170573663785766
2024-09-14 07:50:00,0.2268968553450937,0.2691851968824078,0.17320539083853212,0.33534909707994076,11.871844121361733,10.381583167264363,8.008773244000007e-07,1.632712343838657e-06,0.00028374,0.00011928000000000001,0.0001596,3.8746873973459888,4.199663820169165
2024-09-14 08:00:00,0.2268450172170803,0.2677967778359666,0.17451740728631243,0.33416947257391005,11.892756549767942,10.405900477507291,8.008773244000007e-07,1.6379022732819613e-06,0.00021960000000000003,0.00041736,0.00046530000000000003,3.895599825752198,4.223981130412093
2024-09-14 08:10:00,0.2264821503209869,0.2667725342771166,0.17560174903526057,0.3336725234844775,11.918939640616752,10.453254512173498,8.008773244000007e-07,1.6430678398589434e-06,0.0005003399999999999,0.00067716,0.0007317599999999999,3.9217829166010088,4.271335165078299
2024-09-14 08:20:00,0.2261192834248936,0.2657482907182666,0.17634066236231696,0.3364210171550656,11.976725924655184,10.51872604121854,8.008773244000007e-07,1.6482182910488957e-06,0.00113994,0.00072642,0.00078336,3.9795692006394408,4.336806694123342
2024-09-14 08:30:00,0.2257564165288003,0.2647240471594166,0.17690885366913017,0.3405977804075735,12.047892531524065,10.576347318779034,8.008773244000007e-07,1.6533490282823354e-06,0.00017502,0.00035922,0.00040998,4.050735807508321,4.394427971683835
2024-09-14 08:40:00,0.2257304974647936,0.26376808650449,0.17761732543623882,0.341797551558923,12.073111201481636,10.609709017457151,8.008773244000007e-07,1.6584423116677213e-06,0.00012534,0.00021828,0.00026736,4.075954477465892,4.427789670361952
2024-09-14 08:50:00,0.225704578400787,0.2628121258495633,0.17844783898802,0.3405272976704112,12.085857187962185,10.63140249456783,8.008773244000007e-07,1.6635152351852075e-06,0.00012036,0.00015150000000000002,0.0002004,4.0887004639464415,4.449483147472631
2024-09-14 09:00:00,0.2256786593367803,0.2618561651946366,0.17915760064385305,0.3382843928030301,12.098146090551875,10.64678807548141,8.008773244000007e-07,1.6685706813453216e-06,0.00011598,0.00010938000000000001,0.00015846,4.100989366536131,4.464868728386212
2024-09-14 09:10:00,0.2252898733766804,0.2607408777638889,0.17972100022676918,0.33562624019161025,12.11022564307274,10.655839145095038,8.008773244000007e-07,1.67360962299738e-06,5.754e-05,4.800000000000001e-06,3.396e-05,4.113068919056996,4.47391979799984
2024-09-14 09:20:00,0.2249010874165805,0.2596255903331411,0.18016849399833412,0.3325166591004659,12.119409977744962,10.658593289879615,8.008773244000007e-07,1.678612743535786e-06,2.6700000000000002e-05,2.5200000000000004e-06,1.686e-05,4.122253253729218,4.476673942784417
2024-09-14 09:30:00,0.2245123014564806,0.2585103029023933,0.18050419257297906,0.3291483227600572,12.126739640540103,10.659893729739233,8.008773244000007e-07,1.6835946217735335e-06,1.116e-05,2.4000000000000003e-07,0.0,4.12958291652436,4.477974382644034
2024-09-14 09:40:00,0.2238902439203206,0.2579185177350578,0.18068081563097343,0.32582991636489167,12.133746822206772,10.660461809990121,8.008773244000007e-07,1.6885522584779191e-06,6.54e-06,6.000000000000001e-08,0.0,4.136590098191029,4.478542462894922
2024-09-14 09:50:00,0.2232681863841606,0.2573267325677222,0.18052583081460707,0.3226524413542422,12.141164364856865,10.660615221221946,8.008773244000007e-07,1.6934825768705503e-06,4.14e-06,6.000000000000001e-08,0.0,4.144007640841121,4.478695874126747
2024-09-14 10:00:00,0.2226461288480007,0.2567349474003866,0.17958455832803566,0.319634681754562,12.147384652737502,10.66034805758349,8.008773244000007e-07,1.698373871210717e-06,2.7e-06,0.0,0.0,4.150227928721758,4.478428710488292
2024-09-14 10:10:00,0.2220240713118406,0.2559383135212811,0.17757878345847744,0.3167546815255502,12.150633014011143,10.659794539789472,8.008773244000007e-07,1.7032150000951521e-06,1.86e-06,0.0,0.0,4.1534762899954,4.477875192694273
2024-09-14 10:20:00,0.2214020137756806,0.2551416796421755,0.17605627281772268,0.31400956487821646,12.149955848207794,10.659113972536113,8.008773244000007e-07,1.7079949976368758e-06,1.3199999999999999e-06,0.0,0.0,4.15279912419205,4.477194625440915
2024-09-14 10:30:00,0.2207799562395206,0.25434504576307,0.175189050898153,0.31140956647693596,12.147619382842027,10.658324009141408,8.008773244000007e-07,1.7127016235328472e-06,9e-07,0.0,0.0,4.150462658826283,4.4764046620462095
2024-09-14 10:40:00,0.2200283033833273,0.2534801289800411,0.1745756963703704,0.30894394565204497,12.144262276278404,10.657437846492222,8.008773244000007e-07,1.7173357298560362e-06,6.599999999999999e-07,0.0,0.0,4.14710555226266,4.475518499397023
2024-09-14 10:50:00,0.219276650527134,0.2526152121970122,0.17408998905947873,0.3065980163412522,12.139941234896398,10.656470342847332,8.008773244000007e-07,1.7218993588559636e-06,4.800000000000001e-07,0.0,0.0,4.142784510880654,4.474550995752133
2024-09-14 11:00:00,0.2185249976709407,0.2517502954139833,0.1736605630980758,0.30435900200951027,12.134828667800416,10.655437577863628,8.008773244000007e-07,1.7263970127598644e-06,3.6e-07,0.0,0.0,4.137671943784673,4.47351823076843
2024-09-14 11:10:00,0.2176696685587205,0.2509309005669033,0.17320815806514725,0.3022173886705589,12.12984751358357,10.654348326010636,8.008773244000007e-07,1.730835119027053e-06,3.0000000000000004e-07,0.0,0.0,4.132690789567826,4.4724289789154374
2024-09-14 11:20:00,0.2168143394465004,0.2501115057198234,0.17260842215646177,0.3001654167890818,12.127423047718617,10.653454146763297,8.008773244000007e-07,1.7352157487901425e-06,2.124e-05,6.12e-06,4.9739999999999995e-05,4.130266323702873,4.471534799668098
2024-09-14 11:30:00,0.2159590103342803,0.2492921108727433,0.17171706673714077,0.2982041409850955,12.12799086011314,10.652647893611531,8.008773244000007e-07,1.7395388147590167e-06,3.0000000000000004e-07,0.0,2.4000000000000003e-07,4.130834136097397,4.470728546516333
2024-09-14 11:40:00,0.2152591956061004,0.2487230866733822,0.17062237042068154,0.2963337754740535,12.128686617278237,10.651514670620987,8.008773244000007e-07,1.7438021170072645e-06,1.8e-07,0.0,0.0,4.131529893262494,4.469595323525788
2024-09-14 11:50:00,0.2145593808779205,0.2481540624740211,0.1698098082710818,0.2945291163172368,12.129435089570919,10.650333094850664,8.008773244000007e-07,1.7480031057927798e-06,1.2000000000000002e-07,0.0,0.0,4.132278365555175,4.4684137477554655
2024-09-14 12:00:00,0.2138595661497406,0.24758503827466,0.16918836671823662,0.2927833834652525,12.130642295673757,10.649127150657296,8.008773244000007e-07,1.7521418961682123e-06,1.2000000000000002e-07,0.0,0.0,4.133485571658014,4.467207803562098
2024-09-14 12:10:00,0.2134189420616273,0.2467201214916311,0.16862111862370666,0.291096683726376,12.13238202242386,10.647908216547421,8.008773244000007e-07,1.7562210650838e-06,6.000000000000001e-08,0.0,0.0,4.135225298408116,4.4659888694522225
2024-09-14 12:20:00,0.212978317973514,0.2458552047086022,0.16802795259456155,0.2894669712598724,12.133752914502237,10.646681782337527,8.008773244000007e-07,1.7602360160964562e-06,6.000000000000001e-08,0.0,0.0,4.136596190486493,4.464762435242329
2024-09-14 12:30:00,0.2125376938854006,0.2449902879255733,0.16735048562465613,0.2878913438956661,12.133547812569324,10.645449984999974,8.008773244000007e-07,1.764194863111804e-06,6.000000000000001e-08,0.0,0.0,4.13639108855358,4.463530637904776
2024-09-14 12:40:00,0.2122525841813273,0.2442619369503911,0.16656562164689426,0.2863666653710692,12.131622730751866,10.644216679253903,8.008773244000007e-07,1.7680983072998255e-06,6.000000000000001e-08,0.0,0.0,4.1344660067361225,4.4622973321587045
2024-09-14 12:50:00,0.211967474477254,0.2435335859752088,0.16584916613719775,0.28488990507636125,12.127564268127193,10.642984109108797,8.008773244000007e-07,1.771945944396306e-06,6.000000000000001e-08,0.0,0.0,4.130407544111449,4.461064762013598
2024-09-14 13:00:00,0.2116823647731807,0.2428052350000266,0.16526941845405158,0.28345834896606725,12.123070650679411,10.64175278462099,8.008773244000007e-07,1.7757352466648367e-06,6.000000000000001e-08,0.0,0.0,4.125913926663667,4.459833437525792
2024-09-14 13:10:00,0.2113972550691073,0.2423272546725633,0.1647291046962979,0.28206944168618636,12.119040852131544,10.64052257479775,8.008773244000007e-07,1.7794656965469814e-06,0.0,0.0,0.0,4.1218841281158,4.458603227702551
2024-09-14 13:20:00,0.211112145365034,0.2418492743451,0.1641734540187771,0.28072075573970173,12.116542457808436,10.639411317114321,8.008773244000007e-07,1.7831451038202785e-06,1.0559999999999999e-05,3.06e-06,2.4900000000000002e-05,4.119385733792692,4.457491970019123
2024-09-14 13:30:00,0.2108270356609607,0.2413712940176366,0.16357233373671548,0.2794110250330081,12.115836231325702,10.638385303638119,8.008773244000007e-07,1.7867743954149777e-06,6.000000000000001e-08,0.0,1.2000000000000002e-07,4.118679507309958,4.45646595654292
2024-09-14 13:40:00,0.2104641687648672,0.2406657040104289,0.16292683685877582,0.278140979681697,12.1156235005925,10.637198892326987,8.008773244000007e-07,1.7903480653621329e-06,0.0,0.0,0.0,4.118466776576756,4.455279545231789
2024-09-14 13:50:00,0.2101013018687737,0.2399601140032211,0.16234912038454558,0.2769063417683581,12.115670457740775,10.635983255094633,8.008773244000007e-07,1.793868646513118e-06,0.0,0.0,0.0,4.118513733725031,4.454063907999434
2024-09-14 14:00:00,0.2097384349726803,0.2392545239960133,0.16183697379613154,0.2757049153937158,12.115879135988305,10.634759982319883,8.008773244000007e-07,1.7973407456709405e-06,0.0,0.0,0.0,4.118722411972561,4.4528406352246845
2024-09-14 14:10:00,0.2095051633966203,0.2385944559247544,0.16133292351277134,0.2745403598462484,12.115584954575237,10.633543201445496,8.008773244000007e-07,1.8007614704841363e-06,0.0,0.0,0.0,4.118428230559493,4.451623854350298
2024-09-14 14:20:00,0.2092718918205603,0.2379343878534955,0.16081006473317871,0.2734109813893615,12.114048408843068,10.632334571674175,8.008773244000007e-07,1.8041326656140276e-06,0.0,0.0,0.0,4.1168916848273245,4.450415224578976
2024-09-14 14:30:00,0.2090386202445003,0.2372743197822366,0.1602549164117008,0.27231406969216987,12.111261488862109,10.631125777584746,8.008773244000007e-07,1.8074584822888205e-06,0.0,0.0,0.0,4.114104764846365,4.449206430489547
2024-09-14 14:40:00,0.2080277767482404,0.23672805655085,0.15971956197790288,0.2712482479836157,12.106805184915098,10.629920285211035,8.008773244000007e-07,1.810732644039375e-06,0.0,0.0,0.0,4.109648460899354,4.448000938115837
2024-09-14 14:50:00,0.2070169332519805,0.2361817933194633,0.1592376822181975,0.2702116355158164,12.10228295847321,10.628719338650054,8.008773244000007e-07,1.8139601533796737e-06,0.0,0.0,0.0,4.105126234457467,4.4467999915548555
2024-09-14 15:00:00,0.2060060897557206,0.2356355300880766,0.15876819447728377,0.26920254975821,12.09891674985991,10.627518661756978,8.008773244000007e-07,1.8171437636474423e-06,0.0,0.0,0.0,4.101760025844166,4.44559931466178
2024-09-14 15:10:00,0.2049952462594606,0.2351120278246644,0.1582874507886752,0.26821941614030004,12.096852971582699,10.626323352313477,8.008773244000007e-07,1.8202788768856576e-06,0.0,0.0,0.0,4.099696247566955,4.444404005218279
2024-09-14 15:20:00,0.2039844027632006,0.2345885255612522,0.15778617253597832,0.2672608649132588,12.095692172487148,10.625133315234669,8.008773244000007e-07,1.8233722960184531e-06,0.0,0.0,0.0,4.098535448471404,4.44321396813947
2024-09-14 15:30:00,0.2029735592669407,0.2340650232978399,0.15730321773863987,0.2663258014925488,12.095353380427694,10.623951281085098,8.008773244000007e-07,1.8264164403297268e-06,0.0,0.0,0.0,4.09819665641195,4.4420319339899
2024-09-14 15:40:00,0.2025070161148205,0.2333821942586066,0.15685370322765,0.2654129763787589,12.095079379152926,10.622779036711831,8.008773244000007e-07,1.8294200861394305e-06,0.0,0.0,0.0,4.097922655137182,4.440859689616633
2024-09-14 15:50:00,0.2020404729627004,0.2326993652193733,0.1564092358816054,0.2645207162513993,12.093943359949991,10.62161591842261,8.008773244000007e-07,1.8323783137293596e-06,0.0,0.0,0.0,4.096786635934247,4.439696571327411
2024-09-14 16:00:00,0.2015739298105803,0.2320165361801399,0.1559539556858392,0.2636473601858088,12.091758441259383,10.620459823051245,8.008773244000007e-07,1.8352962417611612e-06,0.0,0.0,0.0,4.0946017172436395,4.438540475956047
2024-09-14 16:10:00,0.2011592247864736,0.2314930339167277,0.15549237200120813,0.2627914335081067,12.088157405957334,10.619309934416792,8.008773244000007e-07,1.8381673466019837e-06,0.0,0.0,0.0,4.0910006819415905,4.437390587321594
2024-09-14 16:20:00,0.2007445197623669,0.2309695316533155,0.15505527860482277,0.26195163463899795,12.084034313792737,10.618165860492464,8.008773244000007e-07,1.8410008804544857e-06,0.0,0.0,0.0,4.086877589776993,4.436246513397266
2024-09-14 16:30:00,0.2003298147382603,0.2304460293899033,0.15463254363455,0.26112683929108754,12.080910392254145,10.61702617764921,8.008773244000007e-07,1.843798719813515e-06,0.0,0.0,0.0,4.083753668238401,4.435106830554012
2024-09-14 16:40:00,0.1996818381380938,0.2298087222866189,0.1542068324055782,0.26031606508155725,12.078941781054253,10.615889055441341,8.008773244000007e-07,1.8465606046918744e-06,0.0,0.0,0.0,4.081785057038509,4.433969708346143
2024-09-14 16:50:00,0.1990338615379272,0.2291714151833344,0.153773443247109,0.2595184215858636,12.07794892638079,10.614753154015514,8.008773244000007e-07,1.8492863014912704e-06,0.0,0.0,0.0,4.080792202365046,4.432833806920315
2024-09-14 17:00:00,0.1983858849377606,0.22853410808005,0.15335323845336193,0.2587330796342585,12.077581260094403,10.613617842285715,8.008773244000007e-07,1.8519770410359981e-06,0.0,0.0,0.0,4.0804245360786595,4.431698495190516
2024-09-14 17:10:00,0.1971417698654405,0.2280106058166378,0.1529470789535279,0.25795929289099134,12.076779597575479,10.612484172368646,8.008773244000007e-07,1.8546340823983712e-06,0.0,0.0,0.0,4.079622873559735,4.430564825273447
2024-09-14 17:20:00,0.1958976547931204,0.2274871035532255,0.1525411806936785,0.2571964366809315,12.075024374541066,10.611349753811712,8.008773244000007e-07,1.857257529277171e-06,0.0,0.0,0.0,4.077867650525322,4.429430406716514
2024-09-14 17:30:00,0.1946535397208003,0.2269636012898133,0.15213029585565724,0.25644401420039675,12.072077529368851,10.610211679908597,8.008773244000007e-07,1.8598472467202855e-06,0.0,0.0,0.0,4.074920805353107,4.428292332813398
2024-09-14 17:40:00,0.1940833203126536,0.2264400990264011,0.15172836276933294,0.2557014585585821,12.068500752643557,10.60906926172669,8.008773244000007e-07,1.86240420524755e-06,0.0,0.0,0.0,4.071344028627813,4.427149914631491
2024-09-14 17:50:00,0.193513100904507,0.2259165967629889,0.15133644533063995,0.2549681664265254,12.065728705542101,10.607921976752708,8.008773244000007e-07,1.8649293805398052e-06,0.0,0.0,0.0,4.0685719815263575,4.42600262965751
2024-09-14 18:00:00,0.1929428814963603,0.2253930944995766,0.15094449384128344,0.25424360110058125,12.063991983048211,10.606770169882665,8.008773244000007e-07,1.8674228405214178e-06,0.0,0.0,0.0,4.066835259032468,4.424850822787467
2024-09-14 18:10:00,0.1926059336642737,0.2248923532041389,0.15055072741100856,0.2535273333253761,12.063234966263504,10.605615918277776,8.008773244000007e-07,1.8698846314744877e-06,0.0,0.0,0.0,4.066078242247761,4.423696571182577
2024-09-14 18:20:00,0.1922689858321872,0.2243916119087011,0.1501649384169384,0.2528190781645647,12.062678475988996,10.60446032179037,8.008773244000007e-07,1.8723156806078863e-06,0.0,0.0,0.0,4.065521751973252,4.422540974695171
2024-09-14 18:30:00,0.1919320380001007,0.2238908706132633,0.14978486872803007,0.2521187316553601,12.061427183352553,10.603302859007,8.008773244000007e-07,1.8747166841033725e-06,0.0,0.0,0.0,4.064270459336809,4.4213835119118015
2024-09-14 18:40:00,0.1915173329759939,0.22320804157403,0.1494037848627971,0.2514262158463868,12.05917683273036,10.602141205356881,8.008773244000007e-07,1.8770876943814194e-06,0.0,0.0,0.0,4.062020108714616,4.420221858261683
2024-09-14 18:50:00,0.1911026279518871,0.2225252125347966,0.14902485858721634,0.2507413296338211,12.056291763932698,10.600974401402924,8.008773244000007e-07,1.87942904863809e-06,0.0,0.0,0.0,4.059135039916955,4.419055054307726
2024-09-14 19:00:00,0.1906879229277803,0.2218423834955633,0.14865141567675247,0.25006368713449945,12.054074881771458,10.599803440571861,8.008773244000007e-07,1.8817414451530424e-06,0.0,0.0,0.0,4.056918157755714,4.417884093476663
2024-09-14 19:10:00,0.1901177035196336,0.2212050763922788,0.1482789461030753,0.24939293002385027,12.052960553871793,10.598629783504496,8.008773244000007e-07,1.8840251893019546e-06,0.0,0.0,0.0,4.05580382985605,4.416710436409297
2024-09-14 19:20:00,0.189547484111487,0.2205677692889944,0.1479066717214665,0.248728876220433,12.052761657288032,10.597454306480996,8.008773244000007e-07,1.8862805074197401e-06,0.0,0.0,0.0,4.0556049332722885,4.4155349593857975
2024-09-14 19:30:00,0.1889772647033403,0.21993046218571,0.14753757706880646,0.24807150470327177,12.052710735486146,10.596277088594203,8.008773244000007e-07,1.888507934117457e-06,0.0,0.0,0.0,4.055554011470402,4.414357741499004
2024-09-14 19:40:00,0.1883552071671803,0.2193841989543233,0.14716951163020528,0.2474208174771606,12.052368879163128,10.595097104234119,8.008773244000007e-07,1.890700430660441e-06,0.0,0.0,0.0,4.055212155147384,4.413177757138921
2024-09-14 19:50:00,0.1877331496310203,0.2188379357229366,0.1468012063724149,0.2467767360799443,12.05190014183583,10.593914095447472,8.008773244000007e-07,1.8928608885440108e-06,0.0,0.0,0.0,4.054743417820086,4.4119947483522735
2024-09-14 20:00:00,0.1871110920948603,0.21829167249155,0.1464332993340749,0.24613906128603621,12.051820705432656,10.592728854667854,8.008773244000007e-07,1.894994337122395e-06,0.0,0.0,0.0,4.054663981416912,4.410809507572655
2024-09-14 20:10:00,0.1868259823907871,0.2176316044202911,0.14606407669307342,0.2455076199030788,12.0523083884508,10.591544087420205,8.008773244000007e-07,1.8971007455095516e-06,0.0,0.0,0.0,4.055151664435057,4.409624740325007
2024-09-14 20:20:00,0.1865408726867139,0.2169715363490322,0.14569059860324698,0.2448823931509231,12.053182460070024,10.590361439816856,8.008773244000007e-07,1.8991798573818277e-06,0.0,0.0,0.0,4.056025736054281,4.408442092721658
2024-09-14 20:30:00,0.1862557629826406,0.2163114682777733,0.14530072580578118,0.24426357741099441,12.05411684136661,10.58918065598644,8.008773244000007e-07,1.9012293509009697e-06,0.0,0.0,0.0,4.056960117350867,4.407261308891241
2024-09-14 20:40:00,0.1860224914065805,0.2156969221424633,0.14469504902930846,0.24365133419205254,12.054295057549284,10.588001686931893,8.008773244000007e-07,1.903176521845103e-06,0.0,0.0,0.0,4.0571383335335405,4.406082339836694
2024-09-14 20:50:00,0.1857892198305204,0.2150823760071533,0.1428985563083847,0.24304567159934898,12.051717685720353,10.58682461713207,8.008773244000007e-07,1.902973502396197e-06,0.0,0.0,0.0,4.05456096170461,4.404905270036871
2024-09-14 21:00:00,0.1855559482544603,0.2144678298718433,0.1415936258099601,0.24244650823045086,12.048733653686607,10.58564967177051,8.008773244000007e-07,1.9045839646349797e-06,0.0,0.0,0.0,4.051576929670864,4.403730324675311
2024-09-14 21:10:00,0.1853485957424071,0.2138305227685589,0.14058230654983753,0.24185374979175206,12.045895942376726,10.58447708145381,8.008773244000007e-07,1.90623060062247e-06,0.0,0.0,0.0,4.048739218360982,4.402557734358612
2024-09-14 21:20:00,0.1851412432303538,0.2131932156652744,0.13969827795385775,0.24126732076957974,12.043121418595947,10.583306905437643,8.008773244000007e-07,1.9078708663144025e-06,0.0,0.0,0.0,4.045964694580203,4.401387558342445
2024-09-14 21:30:00,0.1849338907183006,0.21255590856199,0.13889318537551745,0.24068716304627955,12.040385989333046,10.582139236227807,8.008773244000007e-07,1.90949623180245e-06,0.0,0.0,0.0,4.0432292653173025,4.400219889132608
2024-09-14 21:40:00,0.1847524572702539,0.2121234501704755,0.13814404718958478,0.2401132164497784,12.037678383890636,10.580974389263424,8.008773244000007e-07,1.911103326979014e-06,0.0,0.0,0.0,4.0405216598748925,4.399055042168226
2024-09-14 21:50:00,0.1845710238222071,0.2116909917789611,0.13743745398122986,0.2395454224029025,12.034991899638424,10.579812571078076,8.008773244000007e-07,1.9126896791476457e-06,0.0,0.0,0.0,4.03783517562268,4.397893223982877
2024-09-14 22:00:00,0.1843895903741603,0.2112585333874466,0.1367648028998886,0.23898373735274717,12.032322171162257,10.578653845174001,8.008773244000007e-07,1.914254287368595e-06,0.0,0.0,0.0,4.035165447146513,4.396734498078803
2024-09-14 22:10:00,0.1842081569261137,0.2108943578998555,0.13612033674669705,0.23842811052377427,12.029666655836756,10.57749823204971,8.008773244000007e-07,1.9157973320329517e-06,0.0,0.0,0.0,4.0325099318210125,4.395578884954511
2024-09-14 22:20:00,0.1840267234780672,0.2105301824122644,0.13549958089826958,0.23787847253480074,12.027023341486457,10.576345971288786,8.008773244000007e-07,1.9173176078529773e-06,0.0,0.0,0.0,4.029866617470713,4.394426624193588
2024-09-14 22:30:00,0.1838452900300206,0.2101660069246733,0.13489928643983706,0.23733474233835855,12.024390722020454,10.575197255283786,8.008773244000007e-07,1.9188182679903014e-06,0.0,0.0,0.0,4.027233998004711,4.393277908188588
2024-09-14 22:40:00,0.1836897756459805,0.2098018314370822,0.13432921299267314,0.23679685425917896,12.02179318145739,10.574052191081662,8.008773244000007e-07,1.9203321256088863e-06,0.0,0.0,0.0,4.024636457441646,4.392132843986464
2024-09-14 22:50:00,0.1835342612619404,0.2094376559494911,0.13378241832680912,0.23626475679953202,12.019238117004415,10.572910858294287,8.008773244000007e-07,1.921823349092145e-06,0.0,0.0,0.0,4.022081392988671,4.390991511199089
2024-09-14 23:00:00,0.1833787468779003,0.2090734804619,0.13325073826636355,0.2357384009111818,12.01671659014783,10.571773314589258,8.008773244000007e-07,1.923271547549281e-06,0.0,0.0,0.0,4.019559866132086,4.3898539674940595
2024-09-14 23:10:00,0.1832232324938603,0.2087548269102578,0.13272221650164714,0.2352177344572169,12.014195898051153,10.570639475382919,8.008773244000007e-07,1.9246805265672747e-06,0.0,0.0,0.0,4.017039174035409,4.38872012828772
2024-09-14 23:20:00,0.1830677181098203,0.2084361733586155,0.1322012442310055,0.23470269423850282,12.011676885024077,10.569509340939055,8.008773244000007e-07,1.926066918791706e-06,0.0,0.0,0.0,4.014520161008333,4.387589993843856
2024-09-14 23:30:00,0.1829122037257803,0.2081175198069733,0.1316878547943154,0.23419320203262756,12.009159828480227,10.568382966962812,8.008773244000007e-07,1.927430542747529e-06,0.0,0.0,0.0,4.012003104464483,4.386463619867613
2024-09-14 23:40:00,0.1828085274697538,0.2078216272233055,0.1311815969249176,0.23368918658503895,12.006644792616354,10.56726003173306,8.008773244000007e-07,1.9287718761252276e-06,0.0,0.0,0.0,4.009488068600611,4.385340684637861
2024-09-14 23:50:00,0.1827048512137272,0.2075257346396378,0.13068165433861922,0.23319056667163696,12.004131435681813,10.566140400006242,8.008773244000007e-07,1.9300905828774134e-06,0.0,0.0,0.0,4.00697471166607,4.384221052911044
2024-09-15 00:00:00,0.1826011749577006,0.20722984205597,0.13018725965158498,0.23269723164540973,12.001619386602439,10.565024154853845,8.008773244000007e-07,1.931386914105602e-06,0.0,0.0,0.0,4.004462662586695,4.383104807758646
